date,asset_id,market,currency,open,high,low,close,volume
2025-08-01,VF_A01,NYSE ADR,USD,52.09,52.21,51.6,51.97,1833095
2025-08-01,VF_A02,NASDAQ,USD,88.18,88.34,85.55,85.59,3059441
2025-08-01,VF_A03,NYSE ADR,USD,35.95,36.33,35.67,36.29,4469764
2025-08-01,VF_A04,NYSE ADR,USD,64.15,64.24,63.72,63.99,2566499
2025-08-01,VF_A05,NYSE,USD,73.95,74.06,72.28,72.56,870654
2025-08-01,VF_A06,NYSE ADR,USD,44.09,44.21,42.82,43.06,2526569
2025-08-01,VF_A07,NYSE ADR,USD,31.03,31.05,30.4,30.47,1663606
2025-08-01,VF_A08,NYSE,USD,47.03,47.05,46.84,47.03,2780926
2025-08-04,VF_A01,NYSE ADR,USD,51.95,53.09,51.91,52.94,765177
2025-08-04,VF_A02,NASDAQ,USD,85.58,87.45,85.56,86.98,1831593
2025-08-04,VF_A03,NYSE ADR,USD,36.28,36.38,35.91,35.97,442018
2025-08-04,VF_A04,NYSE ADR,USD,64.23,64.66,63.45,64.57,1294946
2025-08-04,VF_A05,NYSE,USD,72.53,73.63,72.18,73.21,1779396
2025-08-04,VF_A06,NYSE ADR,USD,43.12,43.2,42.76,42.96,2029453
2025-08-04,VF_A07,NYSE ADR,USD,30.4,30.96,30.33,30.92,1324346
2025-08-04,VF_A08,NYSE,USD,47.15,47.3,45.75,45.78,1034469
2025-08-05,VF_A01,NYSE ADR,USD,53.06,53.28,51.57,51.67,1933616
2025-08-05,VF_A02,NASDAQ,USD,86.99,87.0,85.54,85.67,686557
2025-08-05,VF_A03,NYSE ADR,USD,36.15,36.29,35.69,35.89,1400039
2025-08-05,VF_A04,NYSE ADR,USD,64.97,65.49,63.51,63.55,1338284
2025-08-05,VF_A05,NYSE,USD,73.22,73.27,70.45,70.91,1125691
2025-08-05,VF_A06,NYSE ADR,USD,42.83,42.89,41.42,41.62,1916395
2025-08-05,VF_A07,NYSE ADR,USD,30.82,30.91,30.81,30.88,1309404
2025-08-05,VF_A08,NYSE,USD,45.7,45.94,45.69,45.84,1279769
2025-08-06,VF_A01,NYSE ADR,USD,51.32,51.62,51.28,51.52,1681667
2025-08-06,VF_A02,NASDAQ,USD,85.64,85.89,84.33,84.67,1366190
2025-08-06,VF_A03,NYSE ADR,USD,35.74,36.13,35.73,35.97,2281104
2025-08-06,VF_A04,NYSE ADR,USD,63.58,64.35,63.3,64.25,1666004
2025-08-06,VF_A05,NYSE,USD,71.1,73.74,70.9,73.26,722628
2025-08-06,VF_A06,NYSE ADR,USD,41.64,41.85,40.49,40.58,1007531
2025-08-06,VF_A07,NYSE ADR,USD,30.99,31.09,30.63,30.7,2781287
2025-08-06,VF_A08,NYSE,USD,45.87,45.99,45.83,45.89,995034
2025-08-07,VF_A01,NYSE ADR,USD,51.69,52.45,51.66,52.21,2669733
2025-08-07,VF_A02,NASDAQ,USD,84.89,86.6,84.58,86.25,2114822
2025-08-07,VF_A03,NYSE ADR,USD,35.99,36.24,35.75,35.97,1589086
2025-08-07,VF_A04,NYSE ADR,USD,64.46,64.53,63.81,64.11,1966165
2025-08-07,VF_A05,NYSE,USD,73.0,74.02,72.86,73.68,4058302
2025-08-07,VF_A06,NYSE ADR,USD,40.56,40.57,39.07,39.14,1970733
2025-08-07,VF_A07,NYSE ADR,USD,30.57,30.58,29.57,29.66,2521335
2025-08-07,VF_A08,NYSE,USD,45.8,45.99,45.03,45.22,3060472
2025-08-08,VF_A01,NYSE ADR,USD,52.12,52.7,51.66,52.05,2228964
2025-08-08,VF_A02,NASDAQ,USD,85.96,86.03,81.64,81.79,1566678
2025-08-08,VF_A03,NYSE ADR,USD,35.8,35.86,34.65,34.66,3135538
2025-08-08,VF_A04,NYSE ADR,USD,64.28,64.53,64.26,64.41,944929
2025-08-08,VF_A05,NYSE,USD,73.46,73.63,71.96,71.96,1460120
2025-08-08,VF_A06,NYSE ADR,USD,39.19,39.3,38.39,38.53,3410831
2025-08-08,VF_A07,NYSE ADR,USD,29.72,30.21,29.63,30.11,1235121
2025-08-08,VF_A08,NYSE,USD,45.08,45.1,44.75,44.92,1143506
2025-08-11,VF_A01,NYSE ADR,USD,52.17,52.84,52.08,52.69,1443787
2025-08-11,VF_A02,NASDAQ,USD,81.68,81.83,80.49,80.57,1998327
2025-08-11,VF_A03,NYSE ADR,USD,34.68,34.95,34.29,34.36,1579227
2025-08-11,VF_A04,NYSE ADR,USD,64.41,64.81,64.07,64.38,2467837
2025-08-11,VF_A05,NYSE,USD,71.88,71.99,71.18,71.23,2329918
2025-08-11,VF_A06,NYSE ADR,USD,38.63,39.32,38.52,39.19,993644
2025-08-11,VF_A07,NYSE ADR,USD,30.0,30.12,29.89,29.99,1872571
2025-08-11,VF_A08,NYSE,USD,45.03,45.31,44.98,45.2,1188228
2025-08-12,VF-A1,NYSE ADR,USD,52.83,53.75,52.76,53.74,1265503
2025-08-12,VF_A02,NASDAQ,USD,80.51,80.63,79.7,79.97,2555884
2025-08-12,VF_A03,NYSE ADR,USD,34.38,35.16,34.33,35.03,1759437
2025-08-12,VF_A04,NYSE ADR,USD,64.46,64.48,64.14,64.26,1868756
2025-08-12,VF_A05,NYSE,USD,71.54,72.24,70.31,70.39,2329871
2025-08-12,VF_A06,NYSE ADR,USD,39.19,39.2,37.52,37.57,1802753
2025-08-12,VF_A07,NYSE ADR,USD,29.88,30.08,28.86,28.91,2120657
2025-08-12,VF_A08,NYSE,USD,45.36,45.52,44.62,44.72,2455396
2025-08-13,VF_A01,NYSE ADR,USD,53.8,54.03,53.68,53.75,1698380
2025-08-13,VF_A02,NASDAQ,USD,79.85,80.6,79.74,80.58,892825
2025-08-13,VF_A03,NYSE ADR,USD,35.12,35.43,34.97,35.35,1313894
2025-08-13,VF_A04,NYSE ADR,USD,64.55,65.33,64.26,65.12,1183011
2025-08-13,VF_A05,NYSE,USD,70.5,71.4,70.45,71.35,2781309
2025-08-13,VF_A06,NYSE ADR,USD,37.54,37.65,37.22,37.54,846345
2025-08-13,VF_A07,NYSE ADR,USD,28.88,28.91,28.18,28.22,1618030
2025-08-13,VF_A08,NYSE,USD,44.69,44.75,43.98,44.11,1346351
2025-08-14,VF_A01,NYSE ADR,USD,53.57,54.81,53.55,54.74,3262715
2025-08-14,VF_A02,NASDAQ,USD,80.59,80.74,76.78,76.94,3660399
2025-08-14,VF_A03,NYSE ADR,USD,35.45,35.93,35.12,35.8,1714212
2025-08-14,VF_A04,NYSE ADR,USD,65.08,65.13,64.59,64.93,1039455
2025-08-14,VF_A05,NYSE,USD,71.34,72.51,70.81,72.13,1590764
2025-08-14,VF_A06,NYSE ADR,USD,37.53,37.61,36.07,36.28,1750765
2025-08-14,VF_A07,NYSE ADR,USD,28.26,28.27,28.18,28.24,1720498
2025-08-14,VF_A08,NYSE,USD,44.31,44.74,44.16,44.58,2824135
2025-08-15,VF_A01,NYSE ADR,USD,54.77,54.87,53.4,53.66,1249149
2025-08-15,VF_A02,NASDAQ,USD,76.8,78.21,76.62,78.16,737114
2025-08-15,VF_A03,NYSE ADR,USD,35.89,36.06,35.39,35.51,2115904
2025-08-15,VF_A04,NYSE ADR,USD,64.9,64.9,62.18,62.5,2224967
2025-08-15,VF_A05,NYSE,USD,71.99,72.06,71.53,71.84,1501988
2025-08-15,VF_A06,NYSE ADR,USD,36.39,36.43,35.6,35.7,1545759
2025-08-15,VF_A07,NYSE ADR,USD,28.07,29.04,27.9,28.81,2775983
2025-08-15,VF_A08,NYSE,USD,44.52,44.84,44.46,44.5,1377321
2025-08-18,VF_A01,NYSE ADR,USD,53.79,53.96,53.02,53.16,2609943
2025-08-18,VF_A02,NASDAQ,USD,78.17,78.5,73.71,73.96,2433356
2025-08-18,VF_A03,NYSE ADR,USD,35.59,35.75,34.18,34.49,913026
2025-08-18,VF_A04,NYSE ADR,USD,62.63,62.65,61.49,61.86,2188783
2025-08-18,VF_A05,NYSE,USD,71.91,74.22,71.76,74.06,2597476
2025-08-18,VF_A06,NYSE ADR,USD,35.63,35.71,35.54,35.56,1341486
2025-08-18,VF_A07,NYSE ADR,USD,28.7,28.84,28.29,28.35,1690626
2025-08-18,VF_A08,NYSE,USD,44.57,44.69,43.81,43.89,1927421
2025-08-19,VF_A01,NYSE ADR,USD,53.1,54.03,52.64,53.76,1100317
2025-08-19,VF_A02,NASDAQ,USD,73.65,77.07,73.64,77.03,1341946
2025-08-19,VF_A03,NYSE ADR,USD,34.5,35.81,34.48,35.72,793502
2025-08-19,VF_A04,NYSE ADR,USD,61.92,62.01,60.72,61.11,763350
2025-08-19,VF_A05,NYSE,USD,73.97,74.46,73.63,73.67,3364027
2025-08-19,VF_A06,NYSE ADR,USD,35.52,36.73,35.26,36.52,2260804
2025-08-19,VF_A07,NYSE ADR,USD,28.28,28.34,28.08,28.12,3635.6K
2025-08-19,VF_A08,NYSE,USD,43.87,44.39,43.63,44.35,1290171
2025-08-20,VF_A01,NYSE ADR,USD,53.67,54.49,53.42,54.43,1381621
2025-08-20,VF_A02,NASDAQ,USD,76.69,77.01,76.23,76.66,3536696
2025-08-20,VF_A03,NYSE ADR,USD,35.63,35.76,35.25,35.42,3450813
2025-08-20,VF_A04,NYSE ADR,USD,61.16,61.18,58.9,59.39,1316810
2025-08-20,VF_A05,NYSE,USD,73.62,74.0,73.61,73.83,1144296
2025-08-20,VF_A06,NYSE ADR,USD,36.57,38.29,36.54,37.85,1388896
2025-08-20,VF_A07,NYSE ADR,USD,28.09,28.28,27.91,28.14,1756364
2025-08-20,VF_A08,NYSE,USD,44.4,44.41,43.88,43.99,3503078
2025-08-21,VF_A01,NYSE ADR,USD,54.25,55.86,54.06,55.45,1708023
2025-08-21,VF_A02,NASDAQ,USD,76.7,79.17,76.65,78.82,1989680
2025-08-21,VF_A03,NYSE ADR,USD,35.49,36.46,35.4,36.24,1773046
2025-08-21,VF_A04,NYSE ADR,USD,59.44,61.56,59.17,61.44,2080599
2025-08-21,VF_A05,NYSE,USD,73.95,75.74,73.87,75.48,6610652
2025-08-21,VF_A06,NYSE ADR,USD,37.96,38.13,37.83,37.88,920473
2025-08-21,VF_A07,NYSE ADR,USD,28.09,28.87,28.05,28.75,1558736
2025-08-21,VF_A08,NYSE,USD,44.13,44.23,43.64,43.75,1130013
2025-08-22,VF_A01,NYSE ADR,USD,55.73,56.04,55.71,55.8,1601060
2025-08-22,VF_A02,NASDAQ,USD,78.73,80.36,78.43,79.85,1815927
2025-08-22,VF_A03,NYSE ADR,USD,36.17,36.26,35.64,35.77,1776474
2025-08-22,VF_A04,NYSE ADR,USD,61.56,61.8,60.74,61.17,1145945
2025-08-22,VF_A05,NYSE,USD,75.75,76.61,75.58,76.41,775034
2025-08-22,VF_A06,NYSE ADR,USD,37.74,38.62,37.52,38.24,1221925
2025-08-22,VF_A07,NYSE ADR,USD,28.87,28.99,28.4,28.49,1885004
2025-08-22,VF_A08,NYSE,USD,43.66,43.82,42.95,43.31,1778223
2025-08-25,VF_A01,NYSE ADR,USD,55.81,56.08,55.74,56.02,2489933
2025-08-25,VF_A02,NASDAQ,USD,79.53,83.99,79.05,83.69,1140391
2025-08-25,VF_A03,NYSE ADR,USD,36.0,37.21,35.94,37.15,3261440
2025-08-25,VF_A04,NYSE ADR,USD,61.02,62.94,60.88,62.59,1746404
2025-08-25,VF_A05,NYSE,USD,76.54,77.24,76.04,76.15,4835362
2025-08-25,VF_A06,NYSE ADR,USD,38.26,39.29,38.23,39.08,974768
2025-08-25,VF_A07,NYSE ADR,USD,28.45,28.51,28.15,28.19,2037877
2025-08-25,VF_A08,NYSE,USD,43.24,43.69,43.13,43.64,1394633
2025-08-26,VF_A01,NYSE ADR,USD,56.05,56.13,55.63,55.75,1727056
2025-08-26,VF_A02,NASDAQ,USD,83.41,83.69,82.21,82.21,2129510
2025-08-26,VF_A03,NYSE ADR,USD,37.15,37.81,36.94,37.76,2647573
2025-08-26,VF_A04,NYSE ADR,USD,62.63,63.18,62.05,62.35,2661318
2025-08-26,VF_A05,NYSE,USD,75.89,77.47,75.83,76.86,2348809
2025-08-26,VF_A06,NYSE ADR,USD,38.97,39.02,38.39,38.56,771321
2025-08-26,VF_A07,NYSE ADR,USD,28.19,28.19,27.66,27.77,2828769
2025-08-26,VF_A08,NYSE,USD,43.87,44.03,43.06,43.22,2096230
2025-08-27,VF_A01,NYSE ADR,USD,55.81,56.63,55.68,56.49,1965408
2025-08-27,VF_A02,NASDAQ,USD,82.59,85.04,82.58,84.97,1210225
2025-08-27,VF_A03,NYSE ADR,USD,37.91,38.05,36.8,36.91,1507958
2025-08-27,VF_A04,NYSE ADR,USD,62.45,62.47,62.11,62.18,684156
2025-08-27,VF_A05,NYSE,USD,77.12,77.54,77.03,77.54,3138602
2025-08-27,VF_A06,NYSE ADR,USD,38.55,40.29,38.34,40.24,1764413
2025-08-27,VF_A07,NYSE ADR,USD,27.64,27.83,26.81,26.9,1414402
2025-08-27,VF_A08,NYSE,USD,43.31,43.56,43.21,43.34,1018798
2025-08-28,VF_A01,NYSE ADR,USD,56.48,56.5,56.1,56.11,2118025
2025-08-28,VF_A02,NASDAQ,USD,84.55,86.24,84.28,85.79,1111512
2025-08-28,VF_A03,NYSE ADR,USD,36.86,36.92,36.05,36.11,1269791
2025-08-28,VF_A04,NYSE ADR,USD,61.98,62.29,60.81,61.03,2577636
2025-08-28,VF_A05,NYSE,USD,77.37,77.38,76.93,77.07,2089360
2025-08-28,VF_A06,NYSE ADR,USD,40.24,40.35,39.65,39.89,1208790
2025-08-28,VF_A07,NYSE ADR,USD,27.02,27.41,26.86,27.33,2239673
2025-08-28,VF_A08,NYSE,USD,43.22,43.31,42.6,42.8,1622180
2025-08-29,VF_A01,NYSE ADR,USD,56.31,57.17,56.19,57.04,1593645
2025-08-29,VF_A02,NASDAQ,USD,85.7,89.04,85.35,88.66,826691
2025-08-29,VF_A03,NYSE ADR,USD,36.3,36.32,36.09,36.16,2019497
2025-08-29,VF_A04,NYSE ADR,USD,60.83,61.04,60.64,60.82,2541515
2025-08-29,VF_A05,NYSE,USD,76.74,77.31,76.62,77.08,1276825
2025-08-29,VF_A06,NYSE ADR,USD,39.87,39.98,38.56,38.62,2839917
2025-08-29,VF_A07,NYSE ADR,USD,27.25,27.62,27.12,27.56,1215235
2025-08-29,VF_A08,NYSE,USD,42.77,42.9,42.55,42.82,838158
2025-09-01,VF_A01,NYSE ADR,USD,57.03,57.97,57.01,57.81,2909841
2025-09-01,VF_A02,NASDAQ,USD,88.88,90.18,88.64,89.65,902446
2025-09-01,VF_A03,NYSE ADR,USD,36.11,36.35,35.94,36.11,1203868
2025-09-01,VF_A04,NYSE ADR,USD,60.92,61.12,59.39,59.41,2220381
2025-09-01,VF_A05,NYSE,USD,76.93,77.12,75.55,75.84,1489997
2025-09-01,VF_A06,NYSE ADR,USD,38.63,38.71,37.33,37.7,2317707
2025-09-01,VF_A07,NYSE ADR,USD,27.6,27.65,27.23,27.26,1841306
2025-09-01,VF_A08,NYSE,USD,42.73,42.93,42.45,42.51,1769050
2025-09-02,VF_A01,NYSE ADR,USD,57.65,58.01,56.86,56.87,1529015
2025-09-02,VF_A02,NASDAQ,USD,89.39,93.09,89.32,92.8,1330282
2025-09-02,VF_A03,NYSE ADR,USD,35.97,36.3,35.97,36.14,1040010
2025-09-02,VF_A04,NYSE ADR,USD,59.38,60.66,59.32,60.65,1022862
2025-09-02,VF_A05,NYSE,USD,75.64,76.4,75.31,76.25,3321594
2025-09-02,VF_A06,NYSE ADR,USD,37.85,37.98,36.61,36.76,2084512
2025-09-02,VF_A07,NYSE ADR,USD,27.29,27.3,26.74,26.85,1072563
2025-09-02,VF_A08,NYSE,USD,42.59,42.66,42.0,42.27,1509924
2025-09-03,VF_A01,NYSE ADR,USD,56.91,57.05,56.6,57.0,705746
2025-09-03,VF_A02,NASDAQ,USD,93.0,93.65,92.28,92.67,1608690
2025-09-03,VF_A03,NYSE ADR,USD,36.15,36.21,35.91,36.06,1581451
2025-09-03,VF_A04,NYSE ADR,USD,60.67,61.32,60.61,61.02,404717
2025-09-03,VF_A05,NYSE,USD,76.18,78.15,75.75,78.15,2182072
2025-09-03,VF_A06,NYSE ADR,USD,36.91,37.29,36.62,37.28,1997980
2025-09-03,VF_A07,NYSE ADR,USD,26.93,27.97,26.88,27.91,942332
2025-09-03,VF_A08,NYSE,USD,42.51,42.66,42.32,42.52,773992
2025-09-04,VF_A01,NYSE ADR,USD,56.98,57.2,56.84,57.11,1160545
2025-09-04,VF_A02,NASDAQ,USD,92.67,92.91,90.95,91.0,1109540
2025-09-04,VF_A03,NYSE ADR,USD,35.94,36.14,35.66,35.77,2508596
2025-09-04,VF_A04,NYSE ADR,USD,61.08,61.16,59.12,59.19,1098926
2025-09-04,VF_A05,NYSE,USD,77.96,79.12,77.94,79.0,849142
2025-09-04,VF_A06,NYSE ADR,USD,37.3,37.32,37.04,37.05,1600426
2025-09-04,VF_A07,NYSE ADR,USD,28.0,28.15,27.45,27.51,977146
2025-09-04,VF_A08,NYSE,USD,42.4,42.46,41.82,41.99,1349963
2025-09-05,VF_A01,NYSE ADR,USD,57.46,57.83,56.73,56.76,1412628
09/05/2025,VF_A02,NASDAQ,USD,90.76,92.51,90.41,92.37,880006
09/05/2025,VF_A03,NYSE ADR,USD,35.68,36.9,35.61,36.89,937793
09/05/2025,VF_A04,NYSE ADR,USD,58.86,60.51,58.82,60.3,1273896
2025-09-05,VF_A05,NYSE,USD,79.03,79.48,78.13,78.21,2258913
2025-09-05,VF_A06,NYSE ADR,USD,37.11,37.5,37.11,37.35,1305385
2025-09-05,VF_A07,NYSE ADR,USD,27.56,29.02,27.5,28.88,959252
2025-09-05,VF_A08,NYSE,USD,41.98,42.26,41.9,42.15,2020042
2025-09-08,VF_A01,NYSE ADR,USD,56.76,56.81,56.43,56.68,993161
2025-09-08,VF_A02,NASDAQ,USD,92.53,98.93,92.38,98.87,1582221
2025-09-08,VF_A03,NYSE ADR,USD,36.98,37.27,36.75,36.77,2134494
2025-09-08,VF_A04,NYSE ADR,USD,60.32,61.78,60.02,61.42,1969653
2025-09-08,VF_A05,NYSE,USD,78.35,79.33,78.22,79.19,1600002
2025-09-08,VF_A06,NYSE ADR,USD,37.54,39.16,37.5,39.15,858000
2025-09-08,VF_A07,NYSE ADR,USD,28.88,29.34,28.87,29.32,2532433
2025-09-08,VF_A08,NYSE,USD,42.42,42.53,42.23,42.28,1671470
2025-09-09,VF_A01,NYSE ADR,USD,56.65,57.39,56.62,57.26,992357
2025-09-09,VF_A02,NASDAQ,USD,99.11,99.64,94.78,95.21,3083991
2025-09-09,VF_A03,NYSE ADR,USD,36.81,36.96,36.59,36.93,1263824
2025-09-09,VF_A04,NYSE ADR,USD,61.54,61.62,60.34,60.37,2157114
2025-09-09,VF_A05,NYSE,USD,79.46,79.52,77.81,78.0,944773
2025-09-09,VF_A06,NYSE ADR,USD,39.26,39.54,37.93,38.0,1054786
2025-09-09,VF_A07,NYSE ADR,USD,29.3,29.36,28.8,28.99,1744771
2025-09-09,VF_A08,NYSE,USD,42.26,42.42,41.62,41.67,4217277
2025-09-10,VF_A01,NYSE ADR,USD,57.5,57.57,56.45,56.48,1132030
2025-09-10,VF_A02,NASDAQ,USD,95.4,95.44,93.82,94.19,1185825
2025-09-10,VF_A03,NYSE ADR,USD,36.79,37.95,36.75,37.7,1659441
2025-09-10,VF_A04,NYSE ADR,USD,60.26,60.79,60.21,60.76,1855461
2025-09-10,VF_A05,NYSE,USD,77.76,78.27,77.76,77.98,3973688
2025-09-10,VF_A06,NYSE ADR,USD,38.08,38.09,37.42,37.54,1531442
2025-09-10,VF_A07,NYSE ADR,,29.05,29.1,28.84,28.84,1966341
2025-09-10,VF_A08,NYSE,USD,41.47,41.73,41.44,41.69,1984647
2025-09-11,VF_A01,NYSE ADR,USD,56.27,56.37,55.52,55.88,2076585
2025-09-11,VF_A02,NASDAQ,USD,93.88,95.39,93.5,95.16,707250
2025-09-11,VF_A03,NYSE ADR,USD,37.75,37.75,37.65,37.65,3012014
2025-09-11,VF_A04,NYSE ADR,USD,60.42,60.51,59.85,60.08,2000724
2025-09-11,VF_A05,NYSE,USD,77.84,77.99,77.06,77.41,520257
2025-09-11,VF_A06,NYSE ADR,USD,37.59,38.07,37.52,37.53,1202699
2025-09-11,VF_A07,NYSE ADR,USD,28.92,28.97,28.64,28.78,1554584
2025-09-11,VF_A08,NYSE,USD,41.82,41.99,41.1,41.3,1343990
2025-09-12,VF_A01,NYSE ADR,USD,55.76,56.01,55.67,55.93,954195
2025-09-12,VF_A02,NASDAQ,USD,95.4,101.94,95.0,101.12,2205775
2025-09-12,VF_A03,NYSE ADR,USD,37.84,37.91,37.65,37.68,1715427
2025-09-12,VF_A04,NYSE ADR,USD,59.79,62.03,59.74,61.84,2163277
2025-09-12,VF_A05,NYSE,USD,77.53,79.44,77.4,79.3,834340
2025-09-12,VF_A06,NYSE ADR,USD,37.46,38.14,37.24,37.86,2085519
2025-09-12,VF_A07,NYSE ADR,USD,28.63,29.18,28.55,29.16,1645009
2025-09-12,VF_A08,NYSE,USD,41.24,41.38,41.18,41.34,961738
2025-09-15,VF_A01,NYSE ADR,USD,55.79,57.23,55.77,57.21,2127183
2025-09-15,VF_A02,NASDAQ,USD,101.04,101.38,99.6,100.06,784172
2025-09-15,VF_A03,NYSE ADR,USD,37.73,38.08,37.63,37.92,3225526
2025-09-15,VF_A04,NYSE ADR,USD,61.38,63.63,61.3,63.58,1682520
2025-09-15,VF_A05,NYSE,USD,78.92,82.33,78.64,82.02,1724846
2025-09-15,VF_A06,NYSE ADR,USD,38.06,38.4,37.96,38.21,1262178
2025-09-15,VF_A07,NYSE ADR,USD,29.0,29.67,28.95,29.66,1368838
2025-09-15,VF_A08,NYSE,USD,41.41,41.9,41.4,41.87,1222451
2025-09-16,VF_A01,NYSE ADR,USD,57.21,57.6,57.18,57.34,1897007
2025-09-16,VF_A02,NASDAQ,USD,99.92,100.0,97.57,98.03,1486022
2025-09-16,VF_A03,NYSE ADR,USD,38.13,38.39,37.45,37.57,1384155
2025-09-16,VF_A04,NYSE ADR,USD,63.29,64.64,63.18,64.41,2603302
2025-09-16,VF_A05,NYSE,USD,82.07,84.66,81.71,84.01,1574379
2025-09-16,VF_A06,NYSE ADR,USD,38.11,38.24,37.68,37.69,1227382
2025-09-16,VF_A07,NYSE ADR,USD,29.66,30.0,29.65,29.84,3694977
2025-09-16,VF_A08,NYSE,USD,41.62,41.98,41.59,41.79,2187080
2025-09-17,VF_A01,NYSE ADR,USD,57.64,59.23,57.24,58.79,3693372
2025-09-17,VF_A02,NASDAQ,USD,98.61,100.68,98.58,100.48,1460698
2025-09-17,VF_A03,NYSE ADR,USD,37.51,38.58,37.42,38.57,320100
2025-09-17,VF_A04,NYSE ADR,USD,64.5,64.95,64.2,64.67,2508007
2025-09-17,VF_A05,NYSE,USD,83.76,85.59,83.67,85.58,2370816
2025-09-17,VF_A06,NYSE ADR,USD,37.56,37.78,37.14,37.44,864369
2025-09-17,VF_A07,NYSE ADR,USD,29.99,30.08,29.98,29.98,1792506
2025-09-17,VF_A08,NYSE,USD,41.85,42.44,41.82,42.4,1922223
2025-09-18,VF_A01,NYSE ADR,USD,58.69,59.86,58.59,59.79,1731305
2025-09-18,VF_A02,NASDAQ,USD,100.51,106.94,99.99,106.67,2232213
2025-09-18,VF_A03,NYSE ADR,USD,38.81,39.04,38.48,38.62,994555
2025-09-18,VF_A04,NYSE ADR,USD,64.6,65.98,64.38,65.83,1095308
2025-09-18,VF_A05,NYSE,USD,85.3,85.81,85.28,85.64,5845887
2025-09-18,VF_A06,NYSE ADR,USD,37.43,39.09,37.35,38.91,1306984
2025-09-18,VF_A07,NYSE ADR,USD,30.09,30.12,29.8,29.97,730593
2025-09-18,VF_A08,NYSE,USD,42.43,42.94,42.19,42.6,2235174
2025-09-19,VF_A01,NYSE ADR,USD,59.94,60.02,59.7,59.74,3434001
2025-09-19,VF_A02,NASDAQ,USD,106.88,113.89,106.73,113.27,2768732
2025-09-19,VF_A03,NYSE ADR,USD,38.75,38.83,38.44,38.46,1113954
2025-09-19,VF_A04,NYSE ADR,USD,65.81,66.35,65.72,66.06,1902712
2025-09-19,VF_A05,NYSE,USD,86.12,87.43,85.57,87.38,1180825
2025-09-19,VF_A06,NYSE ADR,USD,38.9,39.78,38.83,39.61,1407736
2025-09-19,VF_A07,NYSE ADR,USD,30.1,31.72,30.03,31.72,3164767
2025-09-19,VF_A08,NYSE,USD,42.67,43.23,42.52,43.12,2252385
2025-09-22,VF_A01,NYSE ADR,USD,60.0,60.18,58.47,58.59,1262789
2025-09-22,VF_A02,NASDAQ,USD,113.24,113.48,111.24,111.71,1165035
2025-09-22,VF_A03,NYSE ADR,USD,38.31,38.46,38.27,38.45,1670298
2025-09-22,VF_A04,NYSE ADR,USD,65.88,67.56,65.53,67.43,1197705
2025-09-22,VF_A05,NYSE,USD,87.42,87.63,85.53,86.21,929247
2025-09-22,VF_A06,NYSE ADR,USD,39.73,40.53,39.41,40.27,746583
2025-09-22,VF_A07,NYSE ADR,USD,31.69,32.9,31.52,32.87,2021992
2025-09-22,VF_A08,NYSE,USD,43.32,43.58,43.0,43.02,816775
2025-09-23,VF_A01,NYSE ADR,USD,58.64,58.65,57.47,57.64,3680356
2025-09-23,VF_A02,NASDAQ,USD,111.65,114.09,111.1,113.68,907585
2025-09-23,VF_A03,NYSE ADR,USD,38.33,38.78,38.26,38.52,1936182
2025-09-23,VF_A04,NYSE ADR,USD,67.57,67.75,65.84,65.87,1963419
2025-09-23,VF_A05,NYSE,USD,86.22,86.71,85.01,85.29,2346120
2025-09-23,VF_A06,NYSE ADR,USD,40.44,41.41,40.28,41.13,2330554
2025-09-23,VF_A07,NYSE ADR,USD,32.88,33.98,32.74,33.85,1086313
2025-09-23,VF_A08,NYSE,USD,43.19,43.21,43.03,43.09,1056653
2025-09-24,VF_A01,NYSE ADR,USD,57.54,58.9,57.41,58.6,1318915
2025-09-24,VF_A02,NASDAQ,USD,113.28,117.42,113.09,116.91,908066
2025-09-24,VF_A03,NYSE ADR,USD,38.56,40.46,38.55,40.43,1353459
2025-09-24,VF_A04,NYSE ADR,USD,66.06,67.1,65.92,67.04,1191555
2025-09-24,VF_A05,NYSE,USD,85.51,87.2,85.23,87.03,1939862
2025-09-24,VF_A06,NYSE ADR,USD,41.07,42.5,40.8,42.46,1405528
2025-09-24,VF_A07,NYSE ADR,USD,33.89,34.59,33.87,34.52,3489256
2025-09-24,VF_A08,NYSE,USD,43.11,43.32,42.69,42.84,3442744
2025-09-25,VF_A01,NYSE ADR,USD,58.36,58.41,57.94,57.95,239882
2025-09-25,VF_A02,NASDAQ,USD,117.62,117.92,116.85,117.81,1436058
2025-09-25,VF_A03,NYSE ADR,USD,40.43,40.43,39.86,40.03,841848
2025-09-25,VF_A04,NYSE ADR,USD,66.67,66.76,65.65,66.29,1305228
2025-09-25,VF_A05,NYSE,USD,87.11,87.49,86.79,87.23,2180056
2025-09-25,VF_A06,NYSE ADR,USD,42.52,42.53,41.72,41.82,1685868
2025-09-25,VF_A07,NYSE ADR,USD,34.37,34.38,33.47,33.66,1736057
2025-09-25,VF_A08,NYSE,USD,42.7,43.54,42.69,43.29,1837684
2025-09-26,VF_A01,NYSE ADR,USD,58.06,58.08,57.64,57.82,1861209
2025-09-26,VF_A02,NASDAQ,USD,117.9,118.1,112.53,113.11,1158589
2025-09-26,VF_A03,NYSE ADR,USD,40.03,40.44,38.29,38.29,1572996
2025-09-26,VF_A04,NYSE ADR,USD,66.48,66.59,63.56,63.67,736930
2025-09-26,VF_A05,NYSE,USD,87.32,88.58,87.04,88.55,1683570
2025-09-26,VF_A06,NYSE ADR,USD,41.79,41.87,41.67,41.67,1084043
2025-09-26,VF_A07,NYSE ADR,USD,33.68,33.75,32.0,32.04,706759
2025-09-26,VF_A08,NYSE,USD,43.39,43.58,42.91,43.03,1442335
2025-09-29,VF_A01,NYSE ADR,USD,57.99,58.08,57.95,58.03,2316393
2025-09-29,VF_A02,NASDAQ,USD,112.45,113.25,111.57,112.94,1895073
2025-09-29,VF_A03,NYSE ADR,USD,38.4,38.72,38.32,38.64,1639633
2025-09-29,VF_A04,NYSE ADR,USD,63.63,64.1,62.08,62.19,845480
2025-09-29,VF_A05,NYSE,USD,88.92,89.22,88.29,88.96,2138390
2025-09-29,VF_A06,NYSE ADR,USD,41.59,42.29,41.54,41.95,1134253
2025-09-29,VF_A07,NYSE ADR,USD,32.03,32.09,31.55,31.6,N/A
2025-09-29,VF_A08,NYSE,USD,43.13,43.18,42.66,42.74,1484901
2025-09-30,VF_A01,NYSE ADR,USD,57.75,58.09,57.69,58.08,1774553
2025-09-30,VF_A02,NASDAQ,USD,112.66,116.09,112.02,115.24,1289675
2025-09-30,VF_A03,NYSE ADR,USD,38.54,38.66,38.15,38.32,1475517
2025-09-30,VF_A04,NYSE ADR,USD,61.91,62.36,61.77,61.97,1749473
2025-09-30,VF_A05,NYSE,USD,88.81,90.2,88.57,89.8,1694330
2025-09-30,VF_A06,NYSE ADR,USD,42.12,42.8,41.96,42.77,1513985
2025-09-30,VF_A07,NYSE ADR,USD,31.55,31.66,31.48,31.64,2223069
2025-09-30,VF_A08,NYSE,USD,42.83,43.14,42.48,42.72,1640291
2025-10-01,VF_A01,NYSE ADR,USD,57.78,58.32,57.71,58.3,2839170
2025-10-01,VF_A02,NASDAQ,USD,115.25,116.62,115.21,116.6,1447950
2025-10-01,VF_A03,NYSE ADR,USD,38.17,38.48,38.02,38.45,1823697
2025-10-01,VF_A04,NYSE ADR,USD,62.25,62.3,61.22,61.32,1580042
2025-10-01,VF_A05,NYSE,USD,89.95,90.29,89.38,90.12,1753000
2025-10-01,VF_A06,NYSE ADR,USD,42.94,42.95,42.05,42.27,1361221
2025-10-01,VF_A07,NYSE ADR,USD,31.69,32.02,31.5,32.0,1514203
2025-10-01,VF_A08,NYSE,USD,42.92,43.03,42.12,42.41,1957764
2025-10-02,VF_A01,NYSE ADR,USD,57.92,58.38,57.72,58.36,1032190
2025-10-02,VF_A02,NASDAQ,USD,116.93,120.71,116.28,119.85,1954048
2025-10-02,VF_A03,NYSE ADR,USD,38.37,38.46,37.71,37.75,1890209
2025-10-02,VF_A04,NYSE ADR,USD,61.39,61.77,61.22,61.76,959372
2025-10-02,VF_A05,NYSE,USD,90.87,92.03,90.81,91.76,1167898
2025-10-02,VF_A06,NYSE ADR,USD,42.23,42.34,41.7,41.72,2848366
2025-10-02,VF_A07,NYSE ADR,USD,32.09,32.68,31.98,32.66,1540904
2025-10-02,VF_A08,NYSE,USD,42.08,42.31,41.97,42.29,3114249
2025-10-03,VF_A01,NYSE ADR,USD,58.33,59.26,58.28,59.17,1508642
2025-10-03,VF_A02,NASDAQ,USD,119.78,120.64,119.55,120.54,2685568
2025-10-03,VF_A03,NYSE ADR,USD,37.95,38.97,37.77,38.9,1860223
2025-10-03,VF_A04,NYSE ADR,USD,61.9,62.1,60.7,61.05,1452132
2025-10-03,VF_A05,NYSE,USD,91.86,93.78,91.76,93.29,3793950
2025-10-03,VF_A06,NYSE ADR,USD,41.66,41.71,40.81,41.21,1633349
2025-10-03,VF_A07,NYSE ADR,USD,32.55,32.77,31.57,31.61,1037590
2025-10-03,VF_A08,NYSE,USD,42.5,42.58,42.01,42.24,1463617
2025-10-06,VF_A01,NYSE ADR,USD,59.71,60.03,58.02,58.6,1382971
2025-10-06,VF_A02,NASDAQ,USD,120.54,123.6,120.33,122.92,4419431
2025-10-06,VF_A03,NYSE ADR,USD,38.83,40.36,38.72,40.05,1201030
2025-10-06,VF_A04,NYSE ADR,USD,61.26,61.31,60.63,61.01,869599
2025-10-06,VF_A05,NYSE,USD,93.2,93.26,92.53,92.81,2622179
2025-10-06,VF_A06,NYSE ADR,USD,40.96,41.16,40.74,40.9,1190452
2025-10-06,VF_A07,NYSE ADR,USD,31.52,31.66,29.63,29.73,1672940
2025-10-06,VF_A08,NYSE,USD,42.28,42.3,41.44,41.57,1683732
2025-10-07,VF_A01,NYSE ADR,USD,58.77,59.43,58.44,59.34,1279138
2025-10-07,VF_A02,NASDAQ,USD,123.42,124.28,116.68,117.39,1394338
2025-10-07,VF_A03,NYSE ADR,USD,40.16,40.33,39.73,39.8,1351035
2025-10-07,VF_A04,NYSE ADR,USD,61.34,61.48,60.99,61.33,1405099
2025-10-07,VF_A05,NYSE,USD,93.02,93.3,92.12,92.58,1397837
2025-10-07,VF_A06,NYSE ADR,USD,41.0,41.69,40.96,41.55,1078926
2025-10-07,VF_A07,NYSE ADR,USD,29.83,31.17,29.8,31.09,1944079
2025-10-07,VF_A08,NYSE,USD,41.55,41.6,41.07,41.09,1333850
2025-10-08,VF_A01,NYSE ADR,USD,59.41,59.87,59.31,59.36,1308190
2025-10-08,VF_A02,NASDAQ,USD,117.32,117.91,115.72,115.95,889870
2025-10-08,VF_A03,NYSE ADR,USD,39.77,39.95,39.07,39.25,2412439
2025-10-08,VF_A04,NYSE ADR,USD,61.35,61.61,59.47,59.64,1297619
2025-10-08,VF_A05,NYSE,USD,92.21,92.59,89.82,90.29,2468885
2025-10-08,VF_A06,NYSE ADR,USD,41.33,41.49,41.05,41.13,2237806
2025-10-08,VF_A07,NYSE ADR,USD,31.21,31.21,29.29,29.36,1750700
2025-10-08,VF_A08,NYSE,USD,40.9,41.06,40.46,40.5,1532203
2025-10-09,VF_A01,NYSE ADR,USD,59.23,59.64,59.16,59.46,1256400
2025-10-09,VF_A02,NASDAQ,USD,116.55,117.62,115.79,116.53,1021672
2025-10-09,VF_A03,NYSE ADR,USD,39.45,39.9,39.24,39.85,1423874
2025-10-09,VF_A04,NYSE ADR,USD,59.72,60.24,59.64,60.18,1205657
2025-10-09,VF_A05,NYSE,USD,90.48,90.67,89.99,90.43,1091036
2025-10-09,VF_A06,NYSE ADR,USD,41.11,41.99,41.06,41.7,2916090
2025-10-09,VF_A07,NYSE ADR,USD,29.44,29.73,29.42,29.67,1542833
2025-10-09,VF_A08,NYSE,USD,40.39,40.66,40.15,40.3,2954883
2025-10-10,VF_A01,NYSE ADR,USD,59.66,60.16,59.63,60.14,1046181
2025-10-10,VF_A02,NASDAQ,USD,117.0,117.51,114.5,114.58,2738013
2025-10-10,VF_A03,NYSE ADR,USD,39.89,40.25,39.72,40.17,1215150
2025-10-10,VF_A04,NYSE ADR,USD,60.23,60.37,59.6,60.34,3118480
2025-10-10,VF_A05,NYSE,USD,90.25,91.37,90.2,91.08,1921900
2025-10-10,VF_A06,NYSE ADR,USD,41.77,41.82,41.6,41.72,1567270
2025-10-10,VF_A07,NYSE ADR,USD,29.76,30.37,29.48,30.28,1735216
2025-10-10,VF_A08,NYSE,USD,40.44,40.95,39.98,40.02,3641777
2025-10-13,VF_A01,NYSE ADR,USD,60.04,60.92,59.92,60.64,2582547
2025-10-13,VF_A02,NASDAQ,USD,114.44,122.91,114.05,122.19,2114809
2025-10-13,VF_A03,NYSE ADR,USD,40.18,40.87,40.14,40.67,2213783
2025-10-13,VF_A04,NYSE ADR,USD,60.28,61.35,60.11,61.01,752180
2025-10-13,VF_A05,NYSE,USD,90.84,91.29,90.22,90.35,2838473
2025-10-13,VF_A06,NYSE ADR,USD,41.75,42.83,41.57,42.82,1530640
2025-10-13,VF_A07,NYSE ADR,USD,30.2,30.35,29.87,29.92,1532634
2025-10-13,VF_A08,NYSE,USD,39.99,40.02,39.36,39.42,1298662
2025-10-14,VF_A01,NYSE ADR,USD,60.78,61.05,59.85,60.21,2329319
2025-10-14,VF_A02,NASDAQ,USD,122.63,126.07,122.12,125.87,1327441
2025-10-14,VF_A03,NYSE ADR,USD,40.57,41.53,40.44,41.52,1501392
2025-10-14,VF_A04,NYSE ADR,USD,61.12,61.38,60.76,60.91,1421249
2025-10-14,VF_A05,NYSE,USD,90.57,91.87,90.47,91.78,2670816
2025-10-14,VF_A06,NYSE ADR,USD,42.67,43.92,42.53,43.92,1458045
2025-10-14,VF_A07,NYSE ADR,USD,29.94,32.03,29.87,31.87,1156781
2025-10-14,VF_A08,NYSE,USD,39.53,39.58,39.38,39.45,1080931
2025-10-15,VF_A01,NYSE ADR,USD,60.31,60.66,60.03,60.47,1940019
2025-10-15,VF_A02,NASDAQ,USD,125.89,126.64,122.05,122.51,2644836
2025-10-15,VF_A03,NYSE ADR,USD,41.59,41.81,40.98,41.1,5264565
2025-10-15,VF_A04,NYSE ADR,USD,61.08,61.28,60.4,60.47,1449435
2025-10-15,VF_A05,NYSE,USD,92.33,92.38,87.87,88.25,3627554
2025-10-15,VF_A06,NYSE ADR,USD,43.76,44.77,43.73,44.59,1402320
2025-10-15,VF_A07,NYSE ADR,USD,31.79,31.92,31.69,31.86,1533379
2025-10-15,VF_A08,NYSE,USD,39.44,39.76,39.43,39.67,2818634
2025-10-16,VF_A01,NYSE ADR,USD,60.38,61.82,60.37,61.68,3997288
2025-10-16,VF_A02,NASDAQ,USD,122.21,129.84,121.42,129.76,1428005
2025-10-16,VF_A03,NYSE ADR,USD,40.88,41.52,40.76,41.23,762382
2025-10-16,VF_A04,NYSE ADR,USD,60.59,61.73,60.38,61.4,1538357
2025-10-16,VF_A05,NYSE,USD,88.23,88.65,85.83,86.18,1738536
2025-10-16,VF_A06,NYSE ADR,USD,44.37,45.59,44.32,45.53,2227395
2025-10-16,VF_A07,NYSE ADR,USD,31.98,32.01,31.93,31.93,2619994
2025-10-16,VF_A08,NYSE,USD,39.77,39.91,38.82,38.93,2113597
2025-10-17,VF_A01,NYSE ADR,USD,61.62,61.88,60.01,60.39,1368527
2025-10-17,VF_A02,NASDAQ,USD,129.53,135.22,128.86,134.8,1478907
2025-10-17,VF_A03,NYSE ADR,USD,41.28,41.31,40.72,40.76,3122821
2025-10-17,VF_A04,NYSE ADR,USD,61.86,62.96,61.65,62.78,1286478
2025-10-17,VF_A05,NYSE,USD,85.97,86.27,84.9,85.15,1628958
2025-10-17,VF_A06,NYSE ADR,USD,45.62,46.17,45.59,46.14,1387870
2025-10-17,VF_A07,NYSE ADR,USD,31.92,32.02,31.47,31.54,1734100
2025-10-17,VF_A08,NYSE,USD,38.69,39.11,38.56,38.98,1429963
2025-10-20,VF_A01,NYSE ADR,USD,60.44,61.5,60.22,61.32,1745825
2025-10-20,VF_A02,NASDAQ,USD,134.32,135.18,133.71,134.16,2051539
2025-10-20,VF_A03,NYSE ADR,USD,40.75,40.83,39.33,39.58,1758662
2025-10-20,VF_A04,NYSE ADR,USD,62.84,63.23,62.18,62.21,2400299
2025-10-20,VF_A05,NYSE,USD,85.08,85.44,82.92,83.04,1756324
2025-10-20,VF_A06,NYSE ADR,USD,46.22,46.55,46.18,46.42,1683999
2025-10-20,VF_A07,NYSE ADR,USD,31.59,31.59,31.14,31.15,1221260
2025-10-20,VF_A08,NYSE,USD,38.9,39.0,38.73,38.84,2572652
2025-10-21,VF_A01,NYSE ADR,USD,61.3,61.47,60.67,61.22,2581275
2025-10-21,VF_A02,NASDAQ,USD,133.62,138.34,133.13,136.82,2148605
2025-10-21,VF_A03,NYSE ADR,USD,39.53,39.61,39.14,39.31,651723
2025-10-21,VF_A04,NYSE ADR,USD,61.93,62.06,60.26,60.36,1339881
2025-10-21,VF_A05,NYSE,USD,82.9,82.96,81.26,81.6,1876100
2025-10-21,VF_A06,NYSE ADR,USD,46.36,47.02,46.35,46.83,1674789
2025-10-21,VF_A07,NYSE ADR,USD,31.11,31.15,30.61,30.7,3214898
2025-10-21,VF_A08,NYSE,USD,38.78,39.62,38.73,39.11,1021608
2025-10-22,VF_A01,NYSE ADR,USD,61.25,61.73,60.44,60.58,2514403
2025-10-22,VF_A02,NASDAQ,USD,137.78,138.51,133.09,133.17,1919397
2025-10-22,VF_A03,NYSE ADR,USD,39.3,39.93,39.21,39.78,1075432
2025-10-22,VF_A04,NYSE ADR,USD,60.32,60.49,59.43,59.43,1267337
2025-10-22,VF_A05,NYSE,USD,81.68,81.84,80.61,80.78,797334
2025-10-22,VF_A06,NYSE ADR,USD,46.82,47.18,45.82,45.85,1189501
2025-10-22,VF_A07,NYSE ADR,USD,30.63,30.76,29.74,29.89,1052408
2025-10-22,VF_A08,NYSE,USD,38.93,39.1,38.68,38.85,1845888
2025-10-23,VF_A01,NYSE ADR,USD,60.69,61.58,60.57,61.3,1942000
2025-10-23,VF_A02,NASDAQ,USD,132.52,136.68,131.96,136.51,2698554
2025-10-23,VF_A03,NYSE ADR,USD,39.78,40.14,39.19,39.19,2778075
2025-10-23,VF_A04,NYSE ADR,USD,59.24,59.89,59.07,59.68,1584089
2025-10-23,VF_A05,NYSE,USD,80.54,83.28,80.04,83.28,2225781
2025-10-23,VF_A06,NYSE ADR,USD,45.64,47.14,45.5,47.03,3531100
2025-10-23,VF_A07,NYSE ADR,USD,29.87,30.03,29.73,30.02,1634720
2025-10-23,VF_A08,NYSE,USD,38.98,39.94,38.9,39.69,3141234
2025-10-24,VF_A01,NYSE ADR,USD,61.37,61.77,60.85,61.17,2944651
2025-10-24,VF_A02,NASDAQ,USD,136.85,142.15,136.72,141.54,572755
2025-10-24,VF_A03,NYSE ADR,USD,38.99,39.19,38.61,39.05,1627329
2025-10-24,VF_A04,NYSE ADR,USD,59.67,61.73,59.44,61.5,1976941
2025-10-24,VF_A05,NYSE,USD,83.19,83.57,82.94,83.44,2127022
2025-10-24,VF_A06,NYSE ADR,USD,46.79,48.46,46.74,48.39,925986
2025-10-24,VF_A07,NYSE ADR,USD,30.08,30.14,29.61,29.66,1548301
2025-10-24,VF_A08,NYSE,USD,39.81,40.22,39.78,40.22,2644431
2025-10-27,VF_A01,NYSE ADR,USD,61.07,62.0,61.04,61.92,2151249
2025-10-27,VF_A02,NASDAQ,USD,141.13,142.57,140.85,141.74,2855725
2025-10-27,VF_A03,NYSE ADR,USD,39.08,39.16,38.4,38.51,2075701
2025-10-27,VF_A04,NYSE ADR,USD,61.32,61.69,59.51,59.64,1398582
2025-10-27,VF_A05,NYSE,USD,83.86,84.37,83.61,84.1,2628602
2025-10-27,VF_A06,NYSE ADR,USD,48.16,48.47,48.05,48.38,1687781
2025-10-27,VF_A07,NYSE ADR,USD,29.81,29.93,28.86,28.94,2612888
2025-10-27,VF_A08,NYSE,USD,40.28,40.42,39.35,39.38,2459769
2025-10-28,VF_A01,NYSE ADR,USD,61.59,61.64,61.39,61.42,1928773
2025-10-28,VF_A02,NASDAQ,USD,142.4,142.96,141.91,142.32,3153745
2025-10-28,VF_A03,NYSE ADR,USD,38.51,38.59,36.96,37.19,2423181
2025-10-28,VF_A04,NYSE ADR,USD,59.71,60.87,59.55,60.43,2416082
2025-10-28,VF_A05,NYSE,USD,83.95,84.35,82.84,82.95,3355973
2025-10-28,VF_A06,NYSE ADR,USD,48.19,49.45,48.15,49.31,2245961
2025-10-28,VF_A07,NYSE ADR,USD,28.96,29.78,28.8,29.73,2097199
2025-10-28,VF_A08,NYSE,USD,39.33,39.51,39.16,39.28,996889
2025-10-29,VF_A01,NYSE ADR,USD,61.43,61.55,60.87,60.93,1189734
2025-10-29,VF_A02,NASDAQ,USD,141.98,142.42,139.49,139.53,2161106
2025-10-29,VF_A03,NYSE ADR,USD,37.29,37.46,36.77,36.81,3200479
2025-10-29,VF_A04,NYSE ADR,USD,60.55,60.58,60.41,60.45,2301994
2025-10-29,VF_A05,NYSE,USD,82.78,84.06,82.7,83.57,1376724
2025-10-29,VF_A06,NYSE ADR,USD,49.55,49.65,48.29,48.6,853269
2025-10-29,VF_A07,NYSE ADR,USD,29.74,29.84,29.21,29.42,1723557
2025-10-29,VF_A08,NYSE,USD,39.18,39.74,38.93,39.48,2098262
2025-10-30,VF_A01,NYSE ADR,USD,61.25,61.25,60.55,60.68,2056362
2025-10-30,VF_A02,NASDAQ,USD,139.25,144.74,138.81,144.53,1329500
2025-10-30,VF_A03,NYSE ADR,USD,36.78,36.78,35.81,35.89,1998228
2025-10-30,VF_A04,NYSE ADR,USD,60.11,60.38,59.84,60.18,1837369
2025-10-30,VF_A05,NYSE,USD,84.12,86.37,84.08,86.36,3960649
2025-10-30,VF_A06,NYSE ADR,USD,48.73,48.85,47.72,47.79,1644447
2025-10-30,VF_A07,NYSE ADR,USD,29.46,30.38,29.29,30.32,980288
2025-10-30,VF_A08,NYSE,USD,39.35,39.51,39.08,39.11,543539
2025-10-31,VF_A01,NYSE ADR,USD,60.68,60.77,60.51,60.52,3693593
2025-10-31,VF_A02,NASDAQ,USD,144.22,144.93,140.21,140.58,1079985
2025-10-31,VF_A03,NYSE ADR,USD,35.91,35.96,35.65,35.71,2481261
2025-10-31,VF_A04,NYSE ADR,USD,60.5,60.75,60.09,60.13,1702169
2025-10-31,VF_A05,NYSE,USD,86.44,86.66,86.11,86.63,2689896
2025-10-31,VF_A06,NYSE ADR,USD,47.84,47.91,46.08,46.34,1853077
2025-10-31,VF_A07,NYSE ADR,USD,30.35,30.71,30.29,30.43,2023938
2025-10-31,VF_A08,NYSE,USD,39.36,39.37,39.14,39.26,1466691
2025-11-03,VF_A01,NYSE ADR,USD,60.74,60.9,60.24,60.49,2009834
2025-11-03,VF_A02,NASDAQ,USD,141.11,143.44,140.31,143.4,2119536
2025-11-03,VF_A03,NYSE ADR,USD,35.79,37.05,35.53,37.03,1848724
2025-11-03,VF_A04,NYSE ADR,USD,60.69,61.67,60.46,61.42,1101892
2025-11-03,VF_A05,NYSE,USD,86.92,87.13,86.43,86.48,1295797
2025-11-03,VF_A06,NYSE ADR,USD,46.2,46.38,46.04,46.09,5429806
2025-11-03,VF_A07,NYSE ADR,USD,30.65,31.18,30.52,31.07,1825712
2025-11-03,VF_A08,NYSE,USD,39.52,39.65,38.96,39.05,2901819
2025-11-04,VF_A01,NYSE ADR,USD,60.38,61.35,60.36,61.3,3086746
2025-11-04,VF_A02,NASDAQ,USD,143.29,149.95,142.45,149.16,1672785
2025-11-04,VF_A03,NYSE ADR,USD,36.98,37.58,36.67,37.43,1811539
2025-11-04,VF_A04,NYSE ADR,USD,61.62,61.95,61.56,61.75,2173321
2025-11-04,VF_A05,NYSE,USD,86.52,87.47,86.17,87.4,658232
2025-11-04,VF_A06,NYSE ADR,USD,45.97,46.25,45.34,45.5,3596210
2025-11-04,VF_A07,NYSE ADR,USD,31.01,32.17,31.0,32.1,1568608
2025-11-04,VF_A08,NYSE,USD,38.92,39.24,38.22,38.62,2836632
2025-11-05,VF_A01,NYSE ADR,USD,61.29,61.5,60.18,60.74,1281404
2025-11-05,VF_A02,NASDAQ,USD,148.64,154.74,148.41,154.53,1352172
2025-11-05,VF_A03,NYSE ADR,USD,37.51,39.03,37.34,38.86,2648077
2025-11-05,VF_A04,NYSE ADR,USD,61.56,61.65,60.81,61.08,651100
2025-11-05,VF_A05,NYSE,USD,87.48,87.58,85.47,85.67,2303499
2025-11-05,VF_A06,NYSE ADR,USD,45.63,45.69,44.35,44.75,2808832
2025-11-05,VF_A07,NYSE ADR,USD,32.02,32.08,30.28,30.44,1248598
2025-11-05,VF_A08,NYSE,USD,38.34,38.93,38.09,38.75,5396817
2025-11-06,VF_A01,NYSE ADR,USD,60.63,61.05,60.4,60.46,2547315
2025-11-06,VF_A02,NASDAQ,USD,154.64,155.31,149.26,150.35,902040
2025-11-06,VF_A03,NYSE ADR,USD,39.02,39.36,38.9,39.26,982788
2025-11-06,VF_A04,NYSE ADR,USD,61.17,61.23,60.62,60.75,1901105
2025-11-06,VF_A05,NYSE,USD,85.53,87.94,85.5,87.83,3519620
2025-11-06,VF_A06,NYSE ADR,USD,44.68,44.92,44.11,44.61,1218961
2025-11-06,VF_A07,NYSE ADR,USD,30.44,30.71,30.34,30.69,1644926
2025-11-06,VF_A08,NYSE,USD,38.72,38.74,38.18,38.26,2654706
2025-11-07,VF_A01,NYSE ADR,USD,60.66,60.89,59.27,59.59,542300
2025-11-07,VF_A02,NASDAQ,USD,150.75,151.71,146.55,147.06,1866451
2025-11-07,VF_A03,NYSE ADR,USD,39.29,39.45,39.25,39.39,895214
2025-11-07,VF_A04,NYSE ADR,USD,60.86,62.0,60.8,61.8,3415011
2025-11-07,VF_A05,NYSE,USD,87.61,90.01,87.49,89.79,2144810
2025-11-07,VF_A06,NYSE ADR,USD,44.43,45.02,44.27,44.9,1491830
2025-11-07,VF_A07,NYSE ADR,USD,30.67,31.03,30.57,30.81,862464
2025-11-07,VF_A08,NYSE,USD,38.24,38.41,37.69,37.85,1844876
2025-11-10,VF_A01,NYSE ADR,USD,59.48,59.63,59.15,59.56,1639305
2025-11-10,VF_A02,NASDAQ,USD,146.9,152.11,146.66,151.41,1184134
2025-11-10,VF_A03,NYSE ADR,USD,39.48,40.27,39.47,40.09,661798
2025-11-10,VF_A04,NYSE ADR,USD,61.95,62.93,61.77,62.67,2434757
2025-11-10,VF_A05,NYSE,USD,89.71,89.8,88.01,88.27,2867086
2025-11-10,VF_A06,NYSE ADR,USD,44.96,45.22,44.57,44.58,1039494
2025-11-10,VF_A07,NYSE ADR,USD,30.75,31.64,30.72,31.62,2766512
2025-11-10,VF_A08,NYSE,USD,37.99,38.36,37.88,38.16,1804118
2025-11-11,VF_A01,NYSE ADR,USD,59.43,59.54,58.65,58.81,1587639
2025-11-11,VF_A02,NASDAQ,USD,151.65,156.43,151.26,155.94,2687682
2025-11-11,VF_A03,NYSE ADR,USD,39.9,40.55,39.7,40.24,1483789
2025-11-11,VF_A04,NYSE ADR,USD,62.85,62.91,62.8,62.86,2423879
2025-11-11,VF_A05,NYSE,USD,88.19,88.38,87.77,88.34,2311264
2025-11-11,VF_A06,NYSE ADR,USD,44.54,44.61,44.09,44.1,2029565
2025-11-11,VF_A07,NYSE ADR,USD,31.77,31.86,30.51,30.52,759270
2025-11-11,VF_A08,NYSE,USD,38.36,38.37,37.85,38.06,1327141
2025-11-12,VF_A01,NYSE ADR,USD,58.96,59.0,58.46,58.53,1083028
2025-11-12,VF_A02,NASDAQ,USD,156.05,156.56,153.82,154.04,1594936
2025-11-12,VF_A03,NYSE ADR,USD,40.32,40.7,40.08,40.6,661624
2025-11-12,VF_A04,NYSE ADR,USD,62.77,62.79,62.43,62.69,2142620
2025-11-12,VF_A05,NYSE,USD,87.89,88.09,87.47,87.63,1202945
2025-11-12,VF_A06,NYSE ADR,USD,44.16,44.5,43.55,43.61,955701
2025-11-12,VF_A07,NYSE ADR,USD,30.43,30.73,30.38,30.54,1015951
2025-11-12,VF_A08,NYSE,USD,37.95,38.55,37.83,38.35,1220471
2025-11-13,VF_A01,NYSE ADR,USD,58.3,59.4,58.11,59.32,2236329
2025-11-13,VF_A02,NASDAQ,USD,153.71,153.77,150.99,151.33,894878
2025-11-13,VF_A03,NYSE ADR,USD,40.52,40.6,40.1,40.25,1427320
2025-11-13,VF_A04,NYSE ADR,USD,62.63,63.55,62.32,63.52,1309340
2025-11-13,VF_A05,NYSE,USD,87.84,89.07,87.19,88.51,3397439
2025-11-13,VF_A06,NYSE ADR,USD,43.8,44.05,42.69,42.76,1884681
2025-11-13,VF_A07,NYSE ADR,USD,30.55,30.64,30.43,30.64,963450
2025-11-13,VF_A08,NYSE,USD,38.31,38.35,37.72,37.86,1062652
2025-11-14,VF_A01,NYSE ADR,USD,59.39,59.5,59.32,59.44,940676
2025-11-14,VF_A02,NASDAQ,USD,150.68,151.51,145.53,145.9,4556927
2025-11-14,VF_A03,NYSE ADR,USD,40.11,40.2,39.43,39.44,1887060
2025-11-14,VF_A04,NYSE ADR,USD,63.48,65.07,63.45,64.73,1407750
2025-11-14,VF_A05,NYSE,USD,88.27,88.39,86.88,87.39,1755560
2025-11-14,VF_A06,NYSE ADR,USD,42.75,42.8,42.35,42.45,2314984
2025-11-14,VF_A07,NYSE ADR,USD,30.59,31.05,30.43,30.91,1021319
2025-11-14,VF_A08,NYSE,USD,37.76,38.04,37.69,37.99,1550074
2025-11-17,VF_A01,NYSE ADR,USD,59.69,60.12,58.85,59.09,1645801
2025-11-17,VF_A02,NASDAQ,USD,146.26,146.44,141.15,141.71,1120086
2025-11-17,VF_A03,NYSE ADR,USD,39.26,39.43,38.62,38.8,1874205
2025-11-17,VF_A04,NYSE ADR,USD,64.66,64.67,64.31,64.49,1940220
2025-11-17,VF_A05,NYSE,USD,87.37,87.43,85.58,85.85,2283307
2025-11-17,VF_A06,NYSE ADR,USD,42.45,42.51,41.87,41.93,1708474
2025-11-17,VF_A07,NYSE ADR,USD,30.99,31.23,30.19,30.27,816192
2025-11-17,VF_A08,NYSE,USD,38.1,38.48,38.01,38.14,858444
2025-11-18,VF_A01,NYSE ADR,USD,59.17,59.46,57.84,57.95,1986648
2025-11-18,VF_A02,NASDAQ,USD,141.92,142.19,139.71,139.94,1153590
2025-11-18,VF_A03,NYSE ADR,USD,38.79,38.82,37.8,38.02,2647648
2025-11-18,VF_A04,NYSE ADR,USD,64.3,66.77,64.06,66.32,2636483
2025-11-18,VF_A05,NYSE,USD,85.89,86.04,83.45,83.57,1052280
2025-11-18,VF_A06,NYSE ADR,USD,41.88,41.96,41.48,41.58,1140101
2025-11-18,VF_A07,NYSE ADR,USD,30.24,30.24,29.58,29.59,2861979
2025-11-18,VF_A08,NYSE,USD,38.11,38.12,37.48,37.65,2191471
2025-11-19,VF_A01,NYSE ADR,USD,58.07,58.57,57.78,58.37,1127330
2025-11-19,VF_A02,NASDAQ,USD,139.98,144.24,139.9,143.78,1146640
2025-11-19,VF_A03,NYSE ADR,USD,37.81,38.8,37.65,38.7,2879925
2025-11-19,VF_A04,NYSE ADR,USD,66.54,68.89,66.46,68.89,4215572
2025-11-19,VF_A05,NYSE,USD,83.36,83.42,83.06,83.25,3941125
2025-11-19,VF_A06,NYSE ADR,USD,41.57,42.81,41.31,42.79,2123825
2025-11-19,VF_A07,NYSE ADR,USD,29.68,30.72,29.63,30.61,2108395
2025-11-19,VF_A08,NYSE,USD,37.57,38.01,37.46,37.73,1563895
2025-11-20,VF_A01,NYSE ADR,USD,58.45,58.77,58.33,58.7,1430926
2025-11-20,VF_A02,NASDAQ,USD,144.2,149.8,144.12,149.35,1308841
2025-11-20,VF_A03,NYSE ADR,USD,38.64,39.38,38.52,39.31,2422058
2025-11-20,VF_A04,NYSE ADR,USD,68.66,69.7,68.25,69.33,2211575
2025-11-20,VF_A05,NYSE,USD,83.12,85.64,82.48,85.21,2292387
2025-11-20,VF_A06,NYSE ADR,USD,42.58,44.39,42.56,44.3,1258669
2025-11-20,VF_A07,NYSE ADR,USD,30.55,31.3,30.38,31.13,763434
2025-11-20,VF_A08,NYSE,USD,37.59,38.29,37.42,38.21,1756276
2025-11-21,VF_A01,NYSE ADR,USD,58.75,58.79,57.34,57.42,1077854
2025-11-21,VF_A02,NASDAQ,USD,148.91,149.03,143.98,144.34,2287050
2025-11-21,VF_A03,NYSE ADR,USD,39.38,39.43,38.3,38.39,925595
2025-11-21,VF_A04,NYSE ADR,USD,69.19,69.61,68.87,69.12,3216944
2025-11-21,VF_A05,NYSE,USD,84.84,86.06,84.82,85.73,2216047
2025-11-21,VF_A06,NYSE ADR,USD,44.24,44.24,43.35,43.35,789180
2025-11-21,VF_A07,NYSE ADR,USD,31.07,31.39,31.0,31.23,1132123
2025-11-21,VF_A08,NYSE,USD,38.19,38.55,37.99,38.51,1186424
2025-11-24,VF_A01,NYSE ADR,USD,57.38,57.81,57.31,57.77,3141547
2025-11-24,VF_A02,NASDAQ,USD,143.47,146.01,142.5,145.24,978897
2025-11-24,VF_A03,NYSE ADR,USD,38.46,38.67,38.11,38.18,1926.5K
2025-11-24,VF_A04,NYSE ADR,USD,69.03,70.11,68.49,70.01,1449902
2025-11-24,VF_A05,NYSE,USD,86.1,86.31,86.06,86.11,2776290
2025-11-24,VF_A06,NYSE ADR,USD,43.44,43.46,42.33,42.34,655231
2025-11-24,VF_A07,NYSE ADR,USD,31.3,31.98,31.16,31.85,3380640
2025-11-24,VF_A08,NYSE,USD,38.52,38.55,38.13,38.3,2595741
2025-11-25,VF_A01,NYSE ADR,USD,58.09,58.32,57.4,57.48,1592789
2025-11-25,VF_A02,NASDAQ,USD,145.45,148.4,145.15,147.56,1682027
2025-11-25,VF_A03,NYSE ADR,USD,38.34,38.5,37.54,37.75,1706532
2025-11-25,VF_A04,NYSE ADR,USD,70.04,70.14,67.15,67.63,1834171
2025-11-25,VF_A05,NYSE,USD,86.11,86.29,85.8,86.28,1064642
2025-11-25,VF_A06,NYSE ADR,USD,42.4,42.54,42.33,42.4,1600348
2025-11-25,VF_A07,NYSE ADR,USD,31.82,31.86,31.49,31.51,1834578
2025-11-25,VF_A08,NYSE,USD,38.06,38.3,37.9,38.23,1097296
2025-11-26,VF_A01,NYSE ADR,USD,57.57,58.34,57.42,58.08,2367226
2025-11-26,VF_A02,NASDAQ,USD,148.08,148.32,147.24,147.41,2423351
2025-11-26,VF_A03,NYSE ADR,USD,37.77,37.9,37.54,37.58,873137
2025-11-26,VF_A04,NYSE ADR,USD,67.49,67.74,66.1,66.16,1160710
2025-11-26,VF_A05,NYSE,USD,86.41,87.06,83.38,83.62,2084465
2025-11-26,VF_A06,NYSE ADR,USD,42.5,42.69,41.86,42.08,2856492
2025-11-26,VF_A07,NYSE ADR,USD,31.74,31.75,30.46,30.61,2066178
2025-11-26,VF_A08,NYSE,,38.36,38.45,37.63,37.83,1775401
2025-11-27,VF_A01,NYSE ADR,USD,58.14,58.81,57.86,58.6,557708
2025-11-27,VF_A02,NASDAQ,USD,146.44,147.43,144.68,144.84,2685057
2025-11-27,VF_A03,NYSE ADR,USD,37.48,37.91,37.41,37.85,2630753
2025-11-27,VF_A04,NYSE ADR,USD,66.28,66.48,66.27,66.38,1059571
2025-11-27,VF_A05,NYSE,USD,83.57,84.78,83.36,84.5,1164197
2025-11-27,VF_A06,NYSE ADR,USD,42.19,42.52,39.34,39.61,1952140
2025-11-27,VF_A07,NYSE ADR,USD,30.8,31.32,30.67,31.07,1241587
2025-11-27,VF_A08,NYSE,USD,37.77,37.8,37.3,37.47,2143217
2025-11-28,VF_A01,NYSE ADR,USD,58.88,59.04,57.73,57.75,3987198
2025-11-28,VF_A02,NASDAQ,USD,143.65,144.57,142.92,143.05,901110
2025-11-28,VF_A03,NYSE ADR,USD,37.95,38.0,36.91,37.15,924732
2025-11-28,VF_A04,NYSE ADR,USD,66.39,67.16,66.12,66.9,1315709
2025-11-28,VF_A05,NYSE,USD,84.87,84.96,84.13,84.2,1544980
2025-11-28,VF_A06,NYSE ADR,USD,39.63,39.73,39.56,39.62,1565894
2025-11-28,VF_A07,NYSE ADR,USD,31.06,31.71,30.94,31.54,1905654
2025-11-28,VF_A08,NYSE,USD,37.64,37.78,37.37,37.78,643386
2025-12-01,VF_A01,NYSE ADR,USD,57.85,59.06,57.76,58.6,2395235
2025-12-01,VF_A02,NASDAQ,USD,142.56,143.83,142.32,143.59,1114615
2025-12-01,VF_A03,NYSE ADR,USD,37.25,37.91,37.21,37.66,4704634
2025-12-01,VF_A04,NYSE ADR,USD,66.83,67.42,66.12,67.29,1362430
2025-12-01,VF_A05,NYSE,USD,84.42,86.48,84.22,85.67,1211423
2025-12-01,VF_A06,NYSE ADR,USD,39.53,40.51,39.37,40.5,1611975
2025-12-01,VF_A07,NYSE ADR,USD,31.6,31.62,31.09,31.15,1733377
2025-12-01,VF_A08,NYSE,USD,37.59,37.74,37.15,37.36,1964187
2025-12-02,VF_A01,NYSE ADR,USD,58.54,58.67,57.5,57.75,2972683
2025-12-02,VF_A02,NASDAQ,USD,143.44,143.93,140.41,141.77,1254732
2025-12-02,VF_A03,NYSE ADR,USD,37.68,37.72,36.43,36.76,775536
2025-12-02,VF_A04,NYSE ADR,USD,66.97,67.06,64.79,65.1,1928310
2025-12-02,VF_A05,NYSE,USD,85.67,85.97,83.17,83.4,2709225
2025-12-02,VF_A06,NYSE ADR,USD,40.36,40.37,39.63,39.87,926298
2025-12-02,VF_A07,NYSE ADR,USD,31.27,31.28,30.51,30.54,1186084
2025-12-02,VF_A08,NYSE,USD,37.41,37.52,37.26,37.3,1270237
2025-12-03,VF_A01,NYSE ADR,USD,57.89,58.23,57.43,57.54,1576586
2025-12-03,VF_A02,NASDAQ,USD,142.28,142.48,136.52,137.74,858494
2025-12-03,VF_A03,NYSE ADR,USD,36.78,36.9,35.52,35.7,2054924
2025-12-03,VF_A04,NYSE ADR,USD,65.18,65.79,65.15,65.29,3072739
2025-12-03,VF_A05,NYSE,USD,83.23,83.41,82.86,83.06,1257515
2025-12-03,VF_A06,NYSE ADR,USD,39.89,40.12,38.36,38.61,2590265
2025-12-03,VF_A07,NYSE ADR,USD,30.44,30.53,28.97,29.02,975188
2025-12-03,VF_A08,NYSE,USD,37.36,37.53,37.24,37.39,4992043
2025-12-04,VF_A01,NYSE ADR,USD,57.5,57.87,57.37,57.73,1777165
2025-12-04,VF_A02,NASDAQ,USD,137.4,138.12,133.31,133.45,1266531
2025-12-04,VF_A03,NYSE ADR,USD,35.83,36.36,35.69,36.34,706456
2025-12-04,VF_A04,NYSE ADR,USD,65.35,66.14,65.26,65.84,2314203
2025-12-04,VF_A05,NYSE,USD,83.25,83.47,82.96,83.2,1578699
2025-12-04,VF_A06,NYSE ADR,USD,38.63,39.42,38.34,39.32,2384074
2025-12-04,VF_A07,NYSE ADR,USD,28.96,30.02,28.92,29.71,3068381
2025-12-04,VF_A08,NYSE,USD,37.53,37.76,37.06,37.15,1553803
2025-12-05,VF_A01,NYSE ADR,USD,57.95,57.96,56.63,56.65,598523
2025-12-05,VF_A02,NASDAQ,USD,133.78,137.66,133.36,137.08,946608
2025-12-05,VF_A03,NYSE ADR,USD,36.24,36.4,34.43,34.52,2489873
2025-12-05,VF_A04,NYSE ADR,USD,65.8,66.26,63.82,63.94,1641315
2025-12-05,VF_A05,NYSE,USD,83.51,83.69,80.58,80.69,1518431
2025-12-05,VF_A06,NYSE ADR,USD,39.38,39.74,38.15,38.24,1392545
2025-12-05,VF_A07,NYSE ADR,USD,29.6,29.72,28.34,28.45,2531490
2025-12-05,VF_A08,NYSE,USD,37.12,37.27,36.75,36.79,5762411
2025-12-08,VF_A01,NYSE ADR,USD,56.97,57.4,55.67,56.11,1762385
2025-12-08,VF_A02,NASDAQ,USD,137.04,137.62,134.13,134.48,1481987
2025-12-08,VF_A03,NYSE ADR,USD,34.53,34.77,34.53,34.65,689600
2025-12-08,VF_A04,NYSE ADR,USD,63.87,63.96,63.52,63.79,1678792
2025-12-08,VF_A05,NYSE,USD,80.57,81.88,79.83,81.81,1275928
2025-12-08,VF_A06,NYSE ADR,USD,38.47,38.51,35.9,36.17,1047417
2025-12-08,VF_A07,NYSE ADR,USD,28.59,28.69,28.26,28.29,2928188
2025-12-08,VF_A08,NYSE,USD,36.69,37.11,36.58,37.09,1252681
2025-12-09,VF_A01,NYSE ADR,USD,56.21,56.63,54.09,54.62,1068658
2025-12-09,VF_A02,NASDAQ,USD,134.45,135.18,127.95,128.07,1566956
2025-12-09,VF_A03,NYSE ADR,USD,34.6,34.87,34.39,34.7,591499
2025-12-09,VF_A04,NYSE ADR,USD,64.11,64.45,64.1,64.38,2384571
2025-12-09,VF_A05,NYSE,USD,82.22,82.32,82.13,82.3,1638102
2025-12-09,VF_A06,NYSE ADR,USD,36.21,36.42,35.21,35.26,1432766
2025-12-09,VF_A07,NYSE ADR,USD,28.26,29.21,28.09,29.03,1450811
2025-12-09,VF_A08,NYSE,USD,37.21,37.38,37.03,37.04,3194321
2025-12-10,VF_A01,NYSE ADR,USD,54.74,54.78,54.26,54.45,2080316
2025-12-10,VF_A02,NASDAQ,USD,128.11,130.79,127.47,130.61,2441125
2025-12-10,VF_A03,NYSE ADR,USD,34.71,34.91,34.46,34.59,1401667
2025-12-10,VF_A04,NYSE ADR,USD,64.69,64.97,63.31,63.63,2408237
2025-12-10,VF_A05,NYSE,USD,82.49,83.85,82.06,83.58,1683739
2025-12-10,VF_A06,NYSE ADR,USD,35.0,35.01,34.92,35.0,1593640
2025-12-10,VF_A07,NYSE ADR,USD,28.98,28.99,28.58,28.62,872687
2025-12-10,VF_A08,NYSE,USD,37.07,37.16,36.42,36.63,1734759
2025-12-11,VF_A01,NYSE ADR,USD,54.49,54.82,53.03,53.12,2005178
2025-12-11,VF_A02,NASDAQ,USD,129.88,130.25,126.45,126.78,1787741
2025-12-11,VF_A03,NYSE ADR,USD,34.72,34.8,34.54,34.74,1401981
2025-12-11,VF_A04,NYSE ADR,USD,63.74,63.85,63.57,63.72,1423560
2025-12-11,VF_A05,NYSE,USD,83.85,84.28,83.65,84.09,1072971
2025-12-11,VF_A06,NYSE ADR,USD,34.92,34.94,34.21,34.25,2180242
2025-12-11,VF_A07,NYSE ADR,USD,28.76,28.8,26.63,26.75,1066220
2025-12-11,VF_A08,NYSE,USD,36.59,36.68,36.41,36.66,2333006
2025-12-12,VF_A01,NYSE ADR,USD,53.0,53.02,52.03,52.11,1182595
2025-12-12,VF_A02,NASDAQ,USD,127.42,127.55,124.93,125.3,2526230
2025-12-12,VF_A03,NYSE ADR,USD,34.73,34.82,34.52,34.55,2713545
2025-12-12,VF_A04,NYSE ADR,USD,64.09,64.16,61.99,62.24,986416
2025-12-12,VF_A05,NYSE,USD,83.71,85.73,83.45,85.58,1877929
2025-12-12,VF_A06,NYSE ADR,USD,34.19,34.95,33.88,34.92,1482419
2025-12-12,VF_A07,NYSE ADR,USD,26.54,27.09,26.49,26.91,1713305
2025-12-12,VF_A08,NYSE,USD,36.6,36.64,36.47,36.64,1022727
2025-12-15,VF_A01,NYSE ADR,USD,51.8,52.04,51.73,52.02,2011636
2025-12-15,VF_A02,NASDAQ,USD,125.92,125.96,125.33,125.44,2834888
2025-12-15,VF_A03,NYSE ADR,USD,34.59,34.85,34.49,34.57,2099973
2025-12-15,VF_A04,NYSE ADR,USD,62.03,62.12,61.37,61.56,2717243
2025-12-15,VF_A05,NYSE,USD,85.51,87.55,85.03,87.4,1174453
2025-12-15,VF_A06,NYSE ADR,USD,34.91,36.7,34.68,36.66,571259
2025-12-15,VF_A07,NYSE ADR,USD,26.9,27.0,26.77,26.98,2454898
2025-12-15,VF_A08,NYSE,USD,36.51,37.02,36.37,36.9,3480921
2025-12-16,VF_A01,NYSE ADR,USD,52.25,52.44,52.15,52.3,1579946
2025-12-16,VF_A02,NASDAQ,USD,125.05,130.33,124.84,130.3,2909745
2025-12-16,VF_A03,NYSE ADR,USD,34.62,35.2,34.56,35.12,4875115
2025-12-16,VF_A04,NYSE ADR,USD,61.69,62.79,61.46,62.67,1027887
2025-12-16,VF_A05,NYSE,USD,87.33,89.26,87.08,88.9,4135026
2025-12-16,VF_A06,NYSE ADR,USD,36.78,36.83,36.58,36.74,785286
2025-12-16,VF_A07,NYSE ADR,USD,26.75,26.76,26.54,26.71,3367159
2025-12-16,VF_A08,NYSE,USD,37.08,37.29,36.55,36.57,1922785
2025-12-17,VF_A01,NYSE ADR,USD,52.3,53.14,52.28,52.83,1031635
2025-12-17,VF_A02,NASDAQ,USD,130.41,130.67,124.3,125.03,1583983
2025-12-17,VF_A03,NYSE ADR,USD,34.95,35.29,34.79,35.26,1541524
2025-12-17,VF_A04,NYSE ADR,USD,63.12,65.26,62.86,64.83,2559374
2025-12-17,VF_A05,NYSE,USD,89.09,89.44,87.82,88.33,2420457
2025-12-17,VF_A06,NYSE ADR,USD,36.66,37.02,36.46,36.92,836817
2025-12-17,VF_A07,NYSE ADR,USD,26.84,27.13,26.75,27.12,1090677
2025-12-17,VF_A08,NYSE,USD,36.57,37.1,36.56,37.04,1911986
2025-12-18,VF_A01,NYSE ADR,USD,52.61,52.97,52.4,52.67,981022
2025-12-18,VF_A02,NASDAQ,USD,124.84,128.89,124.31,128.48,1393198
2025-12-18,VF_A03,NYSE ADR,USD,35.26,36.09,35.09,36.09,1847161
2025-12-18,VF_A04,NYSE ADR,USD,64.88,65.05,64.67,64.88,1580267
2025-12-18,VF_A05,NYSE,USD,88.58,90.04,87.83,89.75,1059606
2025-12-18,VF_A06,NYSE ADR,USD,37.13,37.29,37.04,37.07,2723363
2025-12-18,VF_A07,NYSE ADR,USD,27.1,28.16,27.06,28.06,2288286
2025-12-18,VF_A08,NYSE,USD,36.87,37.3,36.85,37.24,1584865
2025-12-19,VF_A01,NYSE ADR,USD,52.86,52.92,51.18,51.3,1441595
2025-12-19,VF_A02,NASDAQ,USD,128.89,128.9,125.95,126.89,1909441
2025-12-19,VF_A03,NYSE ADR,USD,36.02,36.05,34.83,34.85,1339496
2025-12-19,VF_A04,NYSE ADR,USD,64.88,64.95,63.61,64.32,1765340
2025-12-19,VF_A05,NYSE,USD,89.92,90.59,89.05,89.13,1493708
2025-12-19,VF_A06,NYSE ADR,USD,37.18,37.41,36.95,37.08,1949922
2025-12-19,VF_A07,NYSE ADR,USD,27.93,28.18,27.64,28.18,884287
2025-12-19,VF_A08,NYSE,USD,37.12,37.2,37.01,37.11,1263512
2025-12-22,VF_A01,NYSE ADR,USD,51.2,51.28,51.04,51.13,1271815
2025-12-22,VF_A02,NASDAQ,USD,126.47,132.34,125.64,131.4,1617100
2025-12-22,VF_A03,NYSE ADR,USD,34.85,35.4,34.73,35.26,3653287
2025-12-22,VF_A04,NYSE ADR,USD,63.88,66.57,63.77,66.23,2691689
2025-12-22,VF_A05,NYSE,USD,89.27,90.6,89.16,89.92,1629008
2025-12-22,VF_A06,NYSE ADR,USD,37.07,37.54,36.95,37.45,2062988
2025-12-22,VF_A07,NYSE ADR,USD,28.37,28.38,27.81,27.86,1489607
2025-12-22,VF_A08,NYSE,USD,37.09,37.7,37.05,37.63,377105
2025-12-23,VF_A01,NYSE ADR,USD,51.11,51.18,50.77,50.82,1070395
2025-12-23,VF_A02,NASDAQ,USD,132.04,134.89,131.94,134.6,1749850
2025-12-23,VF_A03,NYSE ADR,USD,35.26,35.45,34.17,34.26,852276
2025-12-23,VF_A04,NYSE ADR,USD,66.08,66.19,66.05,66.07,2205879
2025-12-23,VF_A05,NYSE,USD,89.72,90.78,89.57,90.7,2514456
2025-12-23,VF_A06,NYSE ADR,USD,37.48,37.88,36.66,36.79,1739078
2025-12-23,VF_A07,NYSE ADR,USD,27.87,27.98,27.61,27.62,2238074
2025-12-23,VF_A08,NYSE,USD,37.56,37.67,37.35,37.57,2199036
2025-12-24,VF_A01,NYSE ADR,USD,50.7,51.92,50.58,51.6,1885380
2025-12-24,VF_A02,NASDAQ,USD,135.18,135.22,127.56,128.14,739531
2025-12-24,VF_A03,NYSE ADR,USD,34.24,34.62,33.94,34.55,1271439
2025-12-24,VF_A04,NYSE ADR,USD,65.96,67.01,65.79,66.93,1367043
2025-12-24,VF_A05,NYSE,USD,90.57,90.66,87.55,87.98,2103435
2025-12-24,VF_A06,NYSE ADR,USD,36.77,36.94,36.06,36.18,1391259
2025-12-24,VF_A07,NYSE ADR,USD,27.63,27.71,27.1,27.12,2808992
2025-12-24,VF_A08,NYSE,USD,37.62,37.73,36.81,36.94,1569904
2025-12-25,VF_A01,NYSE ADR,USD,51.58,51.91,51.57,51.8,2062016
2025-12-25,VF_A02,NASDAQ,USD,128.73,136.8,128.48,136.59,1421332
2025-12-25,VF_A03,NYSE ADR,USD,34.74,34.8,34.69,34.7,1044901
2025-12-25,VF_A04,NYSE ADR,USD,67.15,69.16,67.12,69.04,3193425
2025-12-25,VF_A05,NYSE,USD,87.74,90.62,86.99,90.31,1295601
2025-12-25,VF_A06,NYSE ADR,USD,36.14,37.86,35.85,37.75,1476478
2025-12-25,VF_A07,NYSE ADR,USD,27.11,27.34,27.1,27.34,5111038
2025-12-25,VF_A08,NYSE,USD,36.79,37.45,36.55,37.32,2478974
2025-12-26,VF_A01,NYSE ADR,USD,51.71,52.01,51.43,51.83,2835817
2025-12-26,VF_A02,NASDAQ,USD,135.63,136.16,133.23,133.27,1330569
2025-12-26,VF_A03,NYSE ADR,USD,34.71,34.92,33.87,33.9,930539
2025-12-26,VF_A04,NYSE ADR,USD,68.93,69.03,68.49,68.86,1160910
2025-12-26,VF_A05,NYSE,USD,90.18,91.3,90.17,90.55,1289204
2025-12-26,VF_A06,NYSE ADR,USD,37.86,37.94,37.68,37.86,1111660
2025-12-26,VF_A07,NYSE ADR,USD,27.19,28.32,27.04,28.32,1719555
2025-12-26,VF_A08,NYSE,USD,37.46,37.54,37.0,37.18,3240722
2025-12-29,VF_A01,NYSE ADR,USD,51.6,51.8,51.33,51.59,1358732
2025-12-29,VF_A02,NASDAQ,USD,132.89,137.92,132.77,137.9,1799849
2025-12-29,VF_A03,NYSE ADR,USD,33.87,33.94,32.98,33.06,1689219
2025-12-29,VF_A04,NYSE ADR,USD,68.9,69.11,67.81,68.04,2562551
2025-12-29,VF_A05,NYSE,USD,90.56,90.71,90.17,90.31,1091826
2025-12-29,VF_A06,NYSE ADR,USD,37.89,38.25,37.8,37.98,1783644
2025-12-29,VF_A07,NYSE ADR,USD,28.31,28.48,27.6,27.65,851817
2025-12-29,VF_A08,NYSE,USD,37.19,37.37,37.07,37.13,3982794
2025-12-30,VF_A01,NYSE ADR,USD,51.65,51.88,51.11,51.26,1835819
2025-12-30,VF_A02,NASDAQ,USD,137.73,137.9,135.83,136.39,1970765
2025-12-30,VF_A03,NYSE ADR,USD,33.11,33.12,31.33,31.68,2327939
2025-12-30,VF_A04,NYSE ADR,USD,67.8,67.94,66.31,66.56,4732106
2025-12-30,VF_A05,NYSE,USD,90.5,90.62,88.17,88.69,1657492
2025-12-30,VF_A06,NYSE ADR,USD,37.9,38.28,37.75,38.1,1194840
2025-12-30,VF_A07,NYSE ADR,USD,27.63,27.9,27.28,27.31,699670
2025-12-30,VF_A08,NYSE,USD,37.21,37.55,37.08,37.2,1275449
2025-12-31,VF_A01,NYSE ADR,USD,51.2,51.47,50.86,51.08,2773243
2025-12-31,VF_A02,NASDAQ,USD,136.07,136.1,133.53,134.19,1779154
2025-12-31,VF_A03,NYSE ADR,USD,31.56,32.5,31.44,32.45,1111175
2025-12-31,VF_A04,NYSE ADR,USD,66.35,66.79,66.14,66.77,1705580
2025-12-31,VF_A05,NYSE,USD,88.69,89.6,88.51,89.43,3606001
2025-12-31,VF_A06,NYSE ADR,USD,37.96,38.06,36.74,36.97,1607061
2025-12-31,VF_A07,NYSE ADR,USD,27.23,28.57,27.23,28.55,1368725
2025-12-31,VF_A08,NYSE,USD,37.15,37.48,37.02,37.41,2525461
2026-01-01,VF_A01,NYSE ADR,USD,51.07,51.82,51.0,51.69,1790311
2026-01-01,VF_A02,NASDAQ,USD,133.88,133.94,132.31,132.36,1331331
2026-01-01,VF_A03,NYSE ADR,USD,32.47,32.64,31.32,31.35,1948655
2026-01-01,VF_A04,NYSE ADR,USD,66.68,66.9,65.68,66.0,1386318
2026-01-01,VF_A05,NYSE,USD,89.28,89.54,87.95,88.36,2014180
2026-01-01,VF_A06,NYSE ADR,USD,37.01,37.52,36.92,37.42,1808181
2026-01-01,VF_A07,NYSE ADR,USD,28.48,28.56,28.47,28.51,505389
2026-01-01,VF_A08,NYSE,USD,37.44,37.47,36.84,37.1,4324894
2026-01-02,VF_A01,NYSE ADR,USD,51.29,52.66,51.17,52.53,1797080
2026-01-02,VF_A02,NASDAQ,USD,131.81,131.84,131.32,131.62,1948029
2026-01-02,VF_A03,NYSE ADR,USD,31.51,32.32,31.4,32.19,3452468
2026-01-02,VF_A04,NYSE ADR,USD,66.07,66.57,66.04,66.4,2451826
2026-01-02,VF_A05,NYSE,USD,87.77,89.74,87.47,89.6,1819044
2026-01-02,VF_A06,NYSE ADR,USD,37.25,38.07,37.21,37.9,2399841
2026-01-02,VF_A07,NYSE ADR,USD,28.53,28.74,28.12,28.23,2259193
2026-01-02,VF_A08,NYSE,USD,37.13,37.68,36.86,37.59,1222131
2026-01-05,VF_A01,NYSE ADR,USD,52.17,52.48,52.16,52.46,2984177
2026-01-05,VF_A02,NASDAQ,USD,131.81,131.94,127.16,127.51,2113798
2026-01-05,VF_A03,NYSE ADR,USD,32.21,32.21,30.75,30.89,1646088
2026-01-05,VF_A04,NYSE ADR,USD,66.39,67.75,66.13,67.6,2528575
2026-01-05,VF_A05,NYSE,USD,89.94,90.75,89.82,90.63,2095793
2026-01-05,VF_A06,NYSE ADR,USD,37.75,37.83,36.95,36.97,1258668
2026-01-05,VF_A07,NYSE ADR,USD,28.43,28.47,27.75,27.75,3333422
2026-01-05,VF_A08,NYSE,USD,37.7,37.82,37.06,37.16,1123233
2026-01-06,VF_A01,NYSE ADR,USD,52.25,53.06,51.71,52.8,2653634
2026-01-06,VF_A02,NASDAQ,USD,127.21,128.7,126.91,127.98,849076
2026-01-06,VF_A03,NYSE ADR,USD,30.7,30.87,29.37,29.5,2033711
2026-01-06,VF_A04,NYSE ADR,USD,67.67,68.08,67.34,67.34,2453977
2026-01-06,VF_A05,NYSE,USD,90.63,93.46,90.51,93.09,2759879
2026-01-06,VF_A6,NYSE ADR,USD,36.95,37.67,36.8,37.64,2044909
2026-01-06,VF_A07,NYSE ADR,USD,27.78,27.85,26.89,26.92,1649917
2026-01-06,VF_A08,NYSE,USD,37.05,37.53,36.83,37.37,2752952
2026-01-07,VF_A01,NYSE ADR,USD,52.72,52.96,51.86,52.01,3207971
2026-01-07,VF_A02,NASDAQ,USD,128.28,128.53,123.63,124.05,2259794
2026-01-07,VF_A03,NYSE ADR,USD,29.49,29.5,29.42,29.46,1618121
2026-01-07,VF_A04,NYSE ADR,USD,67.66,67.95,66.61,67.17,2717620
2026-01-07,VF_A05,NYSE,USD,92.55,93.46,92.52,93.34,1652005
2026-01-07,VF_A06,NYSE ADR,USD,37.63,38.08,37.63,37.96,1085257
2026-01-07,VF_A07,NYSE ADR,,27.0,27.25,26.61,26.63,1059834
2026-01-07,VF_A08,NYSE,USD,37.24,37.24,36.91,36.98,1476389
2026-01-08,VF_A01,NYSE ADR,USD,51.94,52.88,51.82,52.66,1181297
2026-01-08,VF_A02,NASDAQ,USD,124.05,127.62,123.23,126.7,1475541
2026-01-08,VF_A03,NYSE ADR,USD,29.47,29.61,28.6,28.71,1397883
2026-01-08,VF_A04,NYSE ADR,USD,67.08,68.92,67.0,68.66,3143172
2026-01-08,VF_A05,NYSE,USD,93.68,94.41,92.64,94.23,1081041
2026-01-08,VF_A06,NYSE ADR,USD,38.02,38.22,37.41,37.47,1606543
2026-01-08,VF_A07,NYSE ADR,USD,26.5,26.57,25.37,25.39,1782697
2026-01-08,VF_A08,NYSE,USD,37.01,37.55,36.79,37.44,2818888
2026-01-09,VF_A01,NYSE ADR,USD,52.21,52.8,52.06,52.58,3632353
2026-01-09,VF_A02,NASDAQ,USD,126.26,126.43,125.69,125.95,2317624
2026-01-09,VF_A03,NYSE ADR,USD,28.77,29.71,28.77,29.63,1950133
2026-01-09,VF_A04,NYSE ADR,USD,68.52,68.98,68.47,68.78,3190194
2026-01-09,VF_A05,NYSE,USD,94.14,96.04,93.86,95.89,3321589
2026-01-09,VF_A06,NYSE ADR,USD,37.36,37.48,37.12,37.45,1247453
2026-01-09,VF_A07,NYSE ADR,USD,25.37,25.51,25.25,25.37,1971059
2026-01-09,VF_A08,NYSE,USD,37.26,37.89,37.11,37.7,1729124
2026-01-12,VF_A01,NYSE ADR,USD,52.68,53.12,52.67,52.69,2640062
2026-01-12,VF_A02,NASDAQ,USD,125.89,125.99,121.54,121.68,2948072
2026-01-12,VF_A03,NYSE ADR,USD,29.63,29.69,28.97,28.98,1100118
2026-01-12,VF_A04,NYSE ADR,USD,69.15,69.45,69.06,69.23,1401025
2026-01-12,VF_A05,NYSE,USD,96.37,96.73,96.05,96.72,2580717
2026-01-12,VF_A06,NYSE ADR,USD,37.46,37.49,36.6,36.68,1545549
2026-01-12,VF_A07,NYSE ADR,USD,25.5,25.86,25.45,25.84,1097732
2026-01-12,VF_A08,NYSE,USD,37.75,37.83,37.55,37.8,875379
2026-01-13,VF_A01,NYSE ADR,USD,52.39,52.46,51.53,51.67,805473
2026-01-13,VF_A02,NASDAQ,USD,121.64,127.25,121.23,126.68,1049849
2026-01-13,VF_A03,NYSE ADR,USD,29.09,29.23,28.97,29.13,1030763
2026-01-13,VF_A04,NYSE ADR,USD,69.61,71.12,69.43,70.97,1337856
2026-01-13,VF_A05,NYSE,USD,96.71,97.19,93.33,94.35,1416639
2026-01-13,VF_A06,NYSE ADR,USD,36.8,36.95,36.08,36.15,1374427
2026-01-13,VF_A07,NYSE ADR,USD,25.86,25.9,25.2,25.26,1276460
2026-01-13,VF_A08,NYSE,USD,37.93,37.95,37.27,37.56,1648746
2026-01-14,VF_A01,NYSE ADR,USD,51.56,51.64,50.86,51.12,803770
2026-01-14,VF_A02,NASDAQ,USD,126.34,127.78,126.33,126.89,2263002
2026-01-14,VF_A03,NYSE ADR,USD,29.15,29.32,28.62,28.64,897613
2026-01-14,VF_A04,NYSE ADR,USD,70.85,71.12,70.25,70.27,1819765
2026-01-14,VF_A05,NYSE,USD,94.16,94.28,92.3,92.47,1986475
2026-01-14,VF_A06,NYSE ADR,USD,36.18,36.25,35.84,35.85,1077669
2026-01-14,VF_A07,NYSE ADR,USD,25.33,25.48,24.46,24.65,1249866
2026-01-14,VF_A08,NYSE,USD,37.7,37.72,37.67,37.67,1905743
2026-01-15,VF_A01,NYSE ADR,USD,51.11,51.16,50.55,50.6,1520192
2026-01-15,VF_A02,NASDAQ,USD,127.16,127.29,123.05,123.17,1205483
2026-01-15,VF_A03,NYSE ADR,USD,28.48,28.87,28.45,28.84,1330659
2026-01-15,VF_A04,NYSE ADR,USD,70.37,72.31,70.06,72.3,1499701
2026-01-15,VF_A05,NYSE,USD,92.53,92.88,91.38,91.56,1529294
2026-01-15,VF_A06,NYSE ADR,USD,35.78,36.45,35.64,36.21,2746068
2026-01-15,VF_A07,NYSE ADR,USD,24.57,25.81,24.52,25.66,2538211
2026-01-15,VF_A08,NYSE,USD,37.68,38.17,37.66,38.08,1210588
2026-01-16,VF_A01,NYSE ADR,USD,50.33,50.44,49.16,49.46,2806776
2026-01-16,VF_A02,NASDAQ,USD,123.1,123.32,115.21,116.03,1088597
2026-01-16,VF_A03,NYSE ADR,USD,28.65,28.74,28.51,28.54,1304124
2026-01-16,VF_A04,NYSE ADR,USD,71.89,71.98,71.33,71.55,1433844
2026-01-16,VF_A05,NYSE,USD,91.08,91.21,90.57,90.62,2892719
2026-01-16,VF_A06,NYSE ADR,USD,36.44,36.48,36.25,36.37,2659730
2026-01-16,VF_A07,NYSE ADR,USD,25.6,27.44,25.59,27.36,1633104
2026-01-16,VF_A08,NYSE,USD,38.21,38.36,37.97,38.28,2311235
2026-01-19,VF_A01,NYSE ADR,USD,49.25,50.45,49.13,50.44,1669202
2026-01-19,VF_A02,NASDAQ,USD,115.54,117.4,115.27,116.83,991541
2026-01-19,VF_A03,NYSE ADR,USD,28.48,30.08,28.4,29.84,3064366
2026-01-19,VF_A04,NYSE ADR,USD,71.66,73.65,71.48,73.49,3291993
2026-01-19,VF_A05,NYSE,USD,90.75,91.88,90.26,91.76,1512263
2026-01-19,VF_A06,NYSE ADR,USD,36.41,37.88,36.12,37.66,935951
2026-01-19,VF_A07,NYSE ADR,USD,27.33,28.35,27.26,28.14,3634981
2026-01-19,VF_A08,NYSE,USD,38.26,38.51,38.18,38.34,1386278
2026-01-20,VF_A01,NYSE ADR,USD,50.47,50.99,50.37,50.77,2945640
2026-01-20,VF_A02,NASDAQ,USD,116.94,117.02,113.1,114.24,2120120
2026-01-20,VF_A03,NYSE ADR,USD,29.92,30.21,29.7,30.16,1219452
2026-01-20,VF_A04,NYSE ADR,USD,73.57,77.35,73.32,77.19,3248915
2026-01-20,VF_A05,NYSE,USD,91.9,93.32,91.89,93.2,1696419
2026-01-20,VF_A06,NYSE ADR,USD,37.58,39.22,37.55,39.08,2779420
2026-01-20,VF_A07,NYSE ADR,USD,28.27,28.92,28.2,28.79,2950075
2026-01-20,VF_A08,NYSE,USD,38.34,38.57,38.23,38.41,1933278
2026-01-21,VF_A01,NYSE ADR,USD,50.73,50.96,49.4,49.9,1996478
2026-01-21,VF_A02,NASDAQ,USD,114.51,115.01,109.26,109.39,1618960
2026-01-21,VF_A03,NYSE ADR,USD,29.97,30.1,29.67,29.7,1550824
2026-01-21,VF_A04,NYSE ADR,USD,77.55,77.62,76.03,76.21,1423270
2026-01-21,VF_A05,NYSE,USD,93.46,93.66,91.98,92.5,1593861
2026-01-21,VF_A06,NYSE ADR,USD,39.06,39.61,38.94,39.44,1508271
2026-01-21,VF_A07,NYSE ADR,USD,28.59,28.85,28.59,28.76,1412066
2026-01-21,VF_A08,NYSE,USD,38.38,38.52,38.3,38.42,2767219
2026-01-22,VF_A01,NYSE ADR,USD,50.23,50.69,49.54,49.66,1143373
2026-01-22,VF_A02,NASDAQ,USD,109.37,109.43,108.83,109.25,2015677
2026-01-22,VF_A03,NYSE ADR,USD,29.75,30.05,29.69,29.99,1374306
2026-01-22,VF_A04,NYSE ADR,USD,75.96,76.02,74.4,74.49,1696671
2026-01-22,VF_A05,NYSE,USD,92.83,93.28,90.58,91.04,1203468
2026-01-22,VF_A06,NYSE ADR,USD,39.35,40.23,39.13,40.15,2035994
2026-01-22,VF_A07,NYSE ADR,USD,28.81,28.88,28.19,28.41,1050989
2026-01-22,VF_A08,NYSE,USD,38.56,38.72,38.15,38.34,1669212
2026-01-23,VF_A01,NYSE ADR,USD,49.63,49.73,48.99,49.06,936702
2026-01-23,VF_A02,NASDAQ,USD,109.67,111.63,109.47,111.09,2547214
2026-01-23,VF_A03,NYSE ADR,USD,29.96,29.96,29.79,29.81,1539077
2026-01-23,VF_A04,NYSE ADR,USD,74.49,74.63,73.02,73.07,1464653
2026-01-23,VF_A05,NYSE,USD,91.33,91.46,90.23,90.64,926695
2026-01-23,VF_A06,NYSE ADR,USD,40.24,40.28,39.02,39.19,1744559
2026-01-23,VF_A07,NYSE ADR,USD,28.3,28.96,28.27,28.81,1937123
2026-01-23,VF_A08,NYSE,USD,38.24,38.88,38.18,38.61,2614596
2026-01-26,VF_A01,NYSE ADR,USD,49.07,51.38,48.61,50.93,1963383
2026-01-26,VF_A02,NASDAQ,USD,110.52,110.76,108.77,109.06,578350
2026-01-26,VF_A03,NYSE ADR,USD,29.76,29.87,29.42,29.6,1801746
2026-01-26,VF_A04,NYSE ADR,USD,73.08,74.69,72.73,74.23,1616707
2026-01-26,VF_A05,NYSE,USD,90.5,90.93,90.2,90.59,1570448
2026-01-26,VF_A06,NYSE ADR,USD,39.3,39.7,39.12,39.62,2057557
2026-01-26,VF_A07,NYSE ADR,USD,28.91,29.79,28.89,29.7,1402510
2026-01-26,VF_A08,NYSE,USD,38.44,39.08,38.38,38.98,2694973
2026-01-27,VF_A01,NYSE ADR,USD,50.92,51.08,49.83,50.05,665393
2026-01-27,VF_A02,NASDAQ,USD,108.92,109.45,106.04,106.33,2712145
2026-01-27,VF_A03,NYSE ADR,USD,29.55,29.83,29.36,29.38,2839570
2026-01-27,VF_A04,NYSE ADR,USD,73.98,74.08,72.33,72.6,1752452
2026-01-27,VF_A05,NYSE,USD,90.37,90.83,88.73,89.44,1302341
2026-01-27,VF_A06,NYSE ADR,USD,39.54,39.54,38.9,38.96,1851262
2026-01-27,VF_A07,NYSE ADR,USD,29.58,29.68,28.01,28.08,1065009
2026-01-27,VF_A08,NYSE,USD,39.02,39.79,38.94,39.57,1373064
2026-01-28,VF_A01,NYSE ADR,USD,50.19,50.49,49.4,49.66,1246504
2026-01-28,VF_A02,NASDAQ,USD,106.73,106.79,105.35,105.61,1471632
2026-01-28,VF_A03,NYSE ADR,USD,29.28,29.36,28.73,28.79,1597333
2026-01-28,VF_A04,NYSE ADR,USD,72.49,72.5,72.03,72.29,868289
2026-01-28,VF_A05,NYSE,USD,88.72,89.93,88.48,89.83,2063606
2026-01-28,VF_A06,NYSE ADR,USD,38.96,39.67,38.74,39.58,1942559
2026-01-28,VF_A07,NYSE ADR,USD,28.15,28.79,28.03,28.67,2080076
2026-01-28,VF_A08,NYSE,USD,39.71,39.92,39.16,39.4,708251
2026-01-29,VF_A01,NYSE ADR,USD,49.67,49.68,49.48,49.51,2489565
2026-01-29,VF_A02,NASDAQ,USD,105.06,105.28,99.37,99.61,4111304
2026-01-29,VF_A03,NYSE ADR,USD,28.77,28.87,28.6,28.65,1384512
2026-01-29,VF_A04,NYSE ADR,USD,72.36,72.77,70.54,70.97,1400389
2026-01-29,VF_A05,NYSE,USD,89.91,89.97,88.99,89.61,746211
2026-01-29,VF_A06,NYSE ADR,USD,39.63,40.26,39.47,40.18,2441009
2026-01-29,VF_A07,NYSE ADR,USD,28.75,28.85,28.51,28.83,815161
2026-01-29,VF_A08,NYSE,USD,39.18,39.82,39.01,39.65,2277988
2026-01-30,VF_A01,NYSE ADR,USD,49.29,50.9,49.11,50.72,2951691
2026-01-30,VF_A02,NASDAQ,USD,99.75,101.09,99.03,100.92,3393101
2026-01-30,VF_A03,NYSE ADR,USD,28.67,28.71,28.46,28.56,2616855
2026-01-30,VF_A04,NYSE ADR,USD,70.91,71.11,70.45,70.83,2453358
2026-01-30,VF_A05,NYSE,USD,89.26,89.92,89.0,89.44,3544135
2026-01-30,VF_A06,NYSE ADR,USD,40.1,41.13,40.02,41.06,1677239
2026-01-30,VF_A07,NYSE ADR,USD,28.92,29.02,28.41,28.57,1094838
2026-01-30,VF_A08,NYSE,USD,39.61,39.8,39.47,39.61,1353522
2026-02-02,VF_A01,NYSE ADR,USD,50.56,51.13,50.24,50.95,1641406
2026-02-02,VF_A02,NASDAQ,USD,101.13,104.26,100.34,104.1,1257526
2026-02-02,VF_A03,NYSE ADR,USD,28.73,28.78,27.64,27.66,4233800
2026-02-02,VF_A04,NYSE ADR,USD,71.26,71.88,70.13,70.43,1910106
2026-02-02,VF_A05,NYSE,USD,89.04,89.27,88.42,88.61,1166296
2026-02-02,VF_A06,NYSE ADR,USD,41.04,41.09,40.47,40.48,1872086
2026-02-02,VF_A07,NYSE ADR,USD,28.5,28.5,27.75,27.83,3527502
2026-02-02,VF_A08,NYSE,USD,39.54,40.14,39.41,40.12,917310
2026-02-03,VF_A01,NYSE ADR,USD,51.01,51.28,50.93,51.04,2601393
2026-02-03,VF_A02,NASDAQ,USD,103.56,103.6,100.75,101.21,1495907
2026-02-03,VF_A03,NYSE ADR,USD,27.54,27.54,27.35,27.4,2061493
2026-02-03,VF_A04,NYSE ADR,USD,70.5,70.54,68.71,68.76,1467033
2026-02-03,VF_A05,NYSE,USD,88.64,89.36,88.15,88.75,2550124
2026-02-03,VF_A06,NYSE ADR,USD,40.54,41.49,40.35,41.41,1308135
2026-02-03,VF_A07,NYSE ADR,USD,27.96,28.71,27.92,28.55,935035
2026-02-03,VF_A08,NYSE,USD,40.12,40.17,40.01,40.08,1097329
2026-02-04,VF_A01,NYSE ADR,USD,51.33,52.55,51.28,52.41,889366
2026-02-04,VF_A02,NASDAQ,USD,101.15,105.09,100.94,104.89,815181
2026-02-04,VF_A03,NYSE ADR,USD,27.34,27.61,27.28,27.6,859674
2026-02-04,VF_A04,NYSE ADR,USD,68.7,69.74,68.51,69.59,1134874
2026-02-04,VF_A05,NYSE,USD,88.61,89.4,88.32,89.11,510612
2026-02-04,VF_A06,NYSE ADR,USD,41.63,41.82,39.48,39.61,984518
2026-02-04,VF_A07,NYSE ADR,USD,28.56,28.75,27.05,27.14,2926347
2026-02-04,VF_A08,NYSE,USD,40.26,40.66,40.24,40.42,2776150
2026-02-05,VF_A01,NYSE ADR,USD,52.23,53.59,51.77,53.32,1194286
2026-02-05,VF_A02,NASDAQ,USD,104.85,111.78,104.46,111.13,1171859
2026-02-05,VF_A03,NYSE ADR,USD,27.66,27.75,27.65,27.66,2336824
2026-02-05,VF_A04,NYSE ADR,USD,69.48,73.16,69.2,73.0,1849101
2026-02-05,VF_A05,NYSE,USD,88.68,90.76,88.01,90.17,2337757
2026-02-05,VF_A06,NYSE ADR,USD,39.7,40.55,39.52,40.27,2612815
2026-02-05,VF_A07,NYSE ADR,USD,27.06,27.65,27.05,27.58,2639207
2026-02-05,VF_A08,NYSE,USD,40.44,40.68,40.21,40.59,1143613
2026-02-06,VF_A01,NYSE ADR,USD,53.4,53.78,51.89,52.05,526216
2026-02-06,VF_A02,NASDAQ,USD,111.67,115.69,110.53,115.35,1424354
2026-02-06,VF_A03,NYSE ADR,USD,27.56,27.62,27.16,27.17,931714
2026-02-06,VF_A04,NYSE ADR,USD,72.77,72.92,71.25,71.4,2689369
2026-02-06,VF_A05,NYSE,USD,90.31,90.61,90.08,90.26,1308860
2026-02-06,VF_A06,NYSE ADR,USD,40.28,40.94,40.23,40.92,3153102
2026-02-06,VF_A07,NYSE ADR,USD,27.41,28.79,27.39,28.7,3647058
2026-02-06,VF_A08,NYSE,USD,40.42,40.77,40.33,40.72,1440202
2026-02-09,VF_A01,NYSE ADR,USD,52.01,52.28,51.34,51.44,2269739
2026-02-09,VF_A02,NASDAQ,USD,115.59,116.21,113.8,113.98,1282469
2026-02-09,VF_A03,NYSE ADR,USD,27.03,27.13,26.74,26.81,1040221
2026-02-09,VF_A04,NYSE ADR,USD,71.23,71.66,67.87,67.97,1113272
2026-02-09,VF_A05,NYSE,USD,90.27,91.1,88.96,89.31,1479233
2026-02-09,VF_A06,NYSE ADR,USD,41.05,41.26,40.86,41.02,2896838
2026-02-09,VF_A07,NYSE ADR,USD,28.59,28.95,28.49,28.94,2723382
2026-02-09,VF_A08,NYSE,USD,40.75,40.8,40.48,40.59,1546523
2026-02-10,VF_A01,NYSE ADR,USD,51.57,51.65,51.04,51.19,1315698
2026-02-10,VF_A02,NASDAQ,USD,114.2,115.12,114.06,115.11,1636912
2026-02-10,VF_A03,NYSE ADR,USD,26.91,27.63,26.81,27.63,1407917
2026-02-10,VF_A04,NYSE ADR,USD,67.74,67.76,66.92,66.99,1472371
2026-02-10,VF_A05,NYSE,USD,89.36,89.83,89.1,89.14,1289140
2026-02-10,VF_A06,NYSE ADR,USD,41.04,41.39,40.81,41.07,1335497
2026-02-10,VF_A07,NYSE ADR,USD,28.9,29.64,28.84,29.64,2075151
2026-02-10,VF_A08,NYSE,USD,40.49,41.03,40.31,40.98,1342175
2026-02-11,VF_A01,NYSE ADR,USD,51.38,51.52,50.86,51.18,1001927
2026-02-11,VF_A02,NASDAQ,USD,114.76,115.0,107.67,107.88,1236879
2026-02-11,VF_A03,NYSE ADR,USD,27.65,27.67,27.34,27.39,899948
2026-02-11,VF_A04,NYSE ADR,USD,66.64,68.09,66.2,67.98,1576806
2026-02-11,VF_A05,NYSE,USD,89.29,93.57,88.88,92.74,2082370
2026-02-11,VF_A06,NYSE ADR,USD,41.23,42.14,41.15,41.93,2671491
2026-02-11,VF_A07,NYSE ADR,USD,29.67,29.75,28.66,28.77,1354414
2026-02-11,VF_A08,NYSE,USD,40.9,41.14,40.17,40.37,1442057
2026-02-12,VF_A01,NYSE ADR,USD,50.93,52.46,50.85,52.36,1827507
2026-02-12,VF_A02,NASDAQ,USD,107.75,108.31,105.14,105.37,1337403
2026-02-12,VF_A03,NYSE ADR,USD,27.36,27.48,26.2,26.24,3015885
2026-02-12,VF_A04,NYSE ADR,USD,68.11,68.39,67.47,68.39,1853423
2026-02-12,VF_A05,NYSE,USD,92.86,93.77,92.44,93.58,1088977
2026-02-12,VF_A06,NYSE ADR,USD,41.92,42.01,40.82,40.92,1504217
2026-02-12,VF_A07,NYSE ADR,USD,28.85,29.28,28.77,29.1,1398044
2026-02-12,VF_A08,NYSE,USD,40.35,40.42,40.12,40.18,2530711
2026-02-13,VF_A01,NYSE ADR,USD,52.45,52.8,52.4,52.56,1460232
2026-02-13,VF_A02,NASDAQ,USD,104.94,105.19,102.67,102.77,519960
2026-02-13,VF_A03,NYSE ADR,USD,26.31,26.73,26.29,26.6,1784937
2026-02-13,VF_A04,NYSE ADR,USD,68.28,69.53,68.15,69.3,642283
2026-02-13,VF_A05,NYSE,USD,93.91,93.93,92.7,92.71,753428
2026-02-13,VF_A06,NYSE ADR,USD,41.0,41.08,40.23,40.43,955997
2026-02-13,VF_A07,NYSE ADR,USD,29.1,29.46,28.99,29.42,2470428
2026-02-13,VF_A08,NYSE,USD,40.39,40.67,39.91,40.02,1302336
2026-02-16,VF_A01,NYSE ADR,USD,52.53,54.12,52.43,53.71,1194088
2026-02-16,VF_A02,NASDAQ,USD,102.53,103.34,102.18,102.78,710545
2026-02-16,VF_A03,NYSE ADR,USD,26.61,26.79,26.55,26.76,2459810
2026-02-16,VF_A04,NYSE ADR,USD,69.2,69.82,68.92,69.06,1153270
2026-02-16,VF_A05,NYSE,USD,92.34,94.06,92.14,93.84,1781314
2026-02-16,VF_A06,NYSE ADR,USD,40.37,40.38,39.14,39.31,1191085
2026-02-16,VF_A07,NYSE ADR,USD,29.22,29.39,28.37,28.5,840621
2026-02-16,VF_A08,NYSE,USD,39.87,39.95,39.08,39.34,1513454
2026-02-17,VF_A01,NYSE ADR,USD,53.72,53.94,52.35,52.6,1804179
2026-02-17,VF_A02,NASDAQ,USD,102.54,103.36,93.06,93.55,874207
2026-02-17,VF_A03,NYSE ADR,USD,26.72,26.89,26.64,26.79,1661004
2026-02-17,VF_A04,NYSE ADR,USD,68.8,69.07,67.6,67.97,1037742
2026-02-17,VF_A05,NYSE,USD,93.76,94.53,93.13,93.21,2183819
2026-02-17,VF_A06,NYSE ADR,USD,39.49,39.59,38.06,38.14,2097807
2026-02-17,VF_A07,NYSE ADR,USD,28.43,28.43,27.58,27.75,2880401
2026-02-17,VF_A08,NYSE,USD,39.14,39.66,39.03,39.56,1744760
2026-02-18,VF_A01,NYSE ADR,USD,52.47,52.67,52.24,52.64,2333312
2026-02-18,VF_A02,NASDAQ,USD,93.08,93.21,90.18,90.5,1510211
2026-02-18,VF_A03,NYSE ADR,USD,26.91,27.01,26.37,26.53,978135
2026-02-18,VF_A04,NYSE ADR,USD,67.75,68.4,65.4,65.68,1353892
2026-02-18,VF_A05,NYSE,USD,93.37,93.81,91.55,91.68,1194054
2026-02-18,VF_A06,NYSE ADR,USD,38.13,38.26,37.21,37.26,1777301
2026-02-18,VF_A07,NYSE ADR,USD,27.72,27.78,27.45,27.48,1695330
2026-02-18,VF_A08,NYSE,USD,39.63,39.81,39.31,39.41,1900810
2026-02-19,VF_A01,NYSE ADR,USD,52.44,53.32,52.18,52.81,1933289
2026-02-19,VF_A02,NASDAQ,USD,90.92,90.98,89.83,89.89,4354007
2026-02-19,VF_A03,NYSE ADR,USD,26.49,26.51,25.97,26.04,1597318
2026-02-19,VF_A04,NYSE ADR,USD,65.68,65.75,64.46,64.72,3571471
2026-02-19,VF_A05,NYSE,USD,92.4,92.74,90.44,90.84,1235049
2026-02-19,VF_A06,NYSE ADR,USD,37.36,37.42,36.9,37.2,687331
2026-02-19,VF_A07,NYSE ADR,USD,27.39,27.43,26.94,27.01,2932022
2026-02-19,VF_A08,NYSE,USD,39.18,39.26,38.72,38.78,1737318
2026-02-20,VF_A01,NYSE ADR,USD,52.55,53.52,52.43,53.44,3648447
2026-02-20,VF_A02,NASDAQ,USD,90.24,90.47,87.25,87.4,1291666
2026-02-20,VF_A03,NYSE ADR,USD,25.98,26.93,25.87,26.82,912561
2026-02-20,VF_A04,NYSE ADR,USD,64.8,64.81,63.56,63.77,809301
2026-02-20,VF_A05,NYSE,USD,90.71,90.85,87.85,88.79,1954850
2026-02-20,VF_A06,NYSE ADR,USD,37.24,37.39,36.4,36.43,2066903
2026-02-20,VF_A07,NYSE ADR,USD,27.09,27.23,26.24,26.52,3049609
2026-02-20,VF_A08,NYSE,USD,38.74,38.94,38.38,38.53,1237288
2026-02-23,VF_A01,NYSE ADR,USD,53.44,53.57,53.19,53.46,2448555
2026-02-23,VF_A02,NASDAQ,USD,87.34,87.81,85.55,85.97,1653461
2026-02-23,VF_A03,NYSE ADR,USD,26.74,28.06,26.73,27.94,1565046
2026-02-23,VF_A04,NYSE ADR,USD,63.77,64.5,63.44,64.49,987225
2026-02-23,VF_A05,NYSE,USD,88.58,89.77,88.49,89.73,1568618
2026-02-23,VF_A06,NYSE ADR,USD,36.37,36.41,36.02,36.06,3533633
2026-02-23,VF_A07,NYSE ADR,USD,26.42,26.47,25.8,25.95,1872995
2026-02-23,VF_A08,NYSE,USD,38.69,38.83,38.13,38.41,3250195
2026-02-24,VF_A01,NYSE ADR,USD,53.47,55.46,53.46,55.27,1724421
2026-02-24,VF_A02,NASDAQ,USD,86.06,89.64,86.06,89.45,1876543
2026-02-24,VF_A03,NYSE ADR,USD,27.9,28.64,27.69,28.41,1301967
2026-02-24,VF_A04,NYSE ADR,USD,64.83,65.34,64.64,65.19,1871848
2026-02-24,VF_A05,NYSE,USD,89.84,90.15,89.5,89.61,1090232
2026-02-24,VF_A06,NYSE ADR,USD,35.92,36.05,35.66,36.03,1581484
2026-02-24,VF_A07,NYSE ADR,USD,26.02,26.21,25.9,25.91,1592947
2026-02-24,VF_A08,NYSE,USD,38.49,39.31,38.35,39.14,2048359
2026-02-25,VF_A01,NYSE ADR,USD,55.23,55.27,54.6,54.85,699089
2026-02-25,VF_A02,NASDAQ,USD,88.73,90.02,88.4,89.81,935572
2026-02-25,VF_A03,NYSE ADR,USD,28.39,28.67,28.14,28.65,1298629
2026-02-25,VF_A04,NYSE ADR,USD,65.07,67.98,64.89,67.87,691226
2026-02-25,VF_A05,NYSE,USD,89.68,92.54,89.51,92.13,1676480
2026-02-25,VF_A06,NYSE ADR,USD,36.08,36.58,35.08,35.21,4799814
2026-02-25,VF_A07,NYSE ADR,USD,25.93,25.96,25.24,25.27,745219
2026-02-25,VF_A08,NYSE,USD,39.01,39.14,39.0,39.01,2355929
2026-02-26,VF_A01,NYSE ADR,USD,54.97,55.34,54.61,54.97,2114903
2026-02-26,VF_A02,NASDAQ,USD,89.99,90.06,87.81,88.58,1348595
2026-02-26,VF_A03,NYSE ADR,USD,28.7,28.77,28.42,28.48,1695312
2026-02-26,VF_A04,NYSE ADR,USD,68.06,68.24,65.7,66.18,1417756
2026-02-26,VF_A05,NYSE,USD,91.63,92.3,90.99,92.08,1618228
2026-02-26,VF_A06,NYSE ADR,USD,35.15,35.15,33.79,33.97,3340024
2026-02-26,VF_A07,NYSE ADR,USD,25.22,25.33,24.92,24.93,2422961
2026-02-26,VF_A08,NYSE,USD,38.89,39.02,38.7,38.77,1409646
2026-02-27,VF_A01,NYSE ADR,USD,55.09,55.29,53.98,54.09,N/A
2026-02-27,VF_A02,NASDAQ,USD,88.36,88.44,88.18,88.24,764941
02/27/2026,VF_A03,NYSE ADR,USD,28.45,28.59,28.06,28.27,1636050
2026-02-27,VF_A04,NYSE ADR,USD,65.98,68.11,65.94,67.95,2853200
2026-02-27,VF_A05,NYSE,USD,92.6,93.3,91.17,91.34,4144313
2026-02-27,VF_A06,NYSE ADR,USD,34.04,34.75,33.9,34.71,1451364
2026-02-27,VF_A07,NYSE ADR,USD,24.93,25.37,24.91,25.14,1381847
2026-02-27,VF_A08,NYSE,USD,38.83,38.87,38.26,38.57,1644518
2026-03-02,VF_A01,NYSE ADR,USD,54.16,54.55,54.07,54.37,1653535
2026-03-02,VF_A02,NASDAQ,USD,88.56,90.06,88.11,89.92,1215406
2026-03-02,VF_A03,NYSE ADR,USD,28.28,28.77,28.27,28.65,2741921
2026-03-02,VF_A04,NYSE ADR,USD,67.94,68.0,67.34,67.61,1354087
2026-03-02,VF_A05,NYSE,USD,91.59,92.09,91.5,92.09,1285781
2026-03-02,VF_A06,NYSE ADR,USD,34.8,35.03,34.55,34.94,2982107
2026-03-02,VF_A07,NYSE ADR,USD,25.2,25.9,25.16,25.83,1110409
2026-03-02,VF_A08,NYSE,USD,38.55,38.56,38.42,38.56,4121009
2026-03-03,VF_A01,NYSE ADR,USD,53.98,55.47,53.79,55.35,1449715
2026-03-03,VF_A02,NASDAQ,USD,90.24,91.67,89.95,91.32,1221525
2026-03-03,VF_A03,NYSE ADR,USD,28.72,28.76,28.63,28.69,2678591
2026-03-03,VF_A04,NYSE ADR,USD,67.51,68.92,67.21,68.52,1872506
2026-03-03,VF_A05,NYSE,USD,92.39,93.26,92.1,93.21,1918629
2026-03-03,VF_A06,NYSE ADR,USD,34.95,35.85,34.89,35.79,1639425
2026-03-03,VF_A07,NYSE ADR,USD,25.87,26.31,25.85,26.27,2343956
2026-03-03,VF_A08,NYSE,USD,38.65,38.79,38.38,38.59,1884040
2026-03-04,VF_A01,NYSE ADR,USD,55.38,55.74,54.89,54.89,1067158
2026-03-04,VF_A02,NASDAQ,USD,91.05,91.18,90.86,91.03,1261607
2026-03-04,VF_A03,NYSE ADR,USD,28.82,28.82,27.98,27.99,1779833
2026-03-04,VF_A04,NYSE ADR,USD,68.79,69.42,68.19,68.5,962802
2026-03-04,VF_A05,NYSE,USD,93.24,93.61,92.88,93.29,1890880
2026-03-04,VF_A06,NYSE ADR,USD,35.9,35.91,35.54,35.75,2161733
2026-03-04,VF_A07,NYSE ADR,USD,26.38,26.84,26.25,26.74,4372487
2026-03-04,VF_A08,NYSE,USD,38.51,38.9,38.34,38.66,1691019
2026-03-05,VF_A01,NYSE ADR,USD,54.69,55.29,54.14,55.25,2108545
2026-03-05,VF_A02,NASDAQ,USD,91.72,92.53,88.96,89.16,2624081
2026-03-05,VF_A03,NYSE ADR,USD,28.01,28.09,27.16,27.18,761886
2026-03-05,VF_A04,NYSE ADR,USD,68.64,68.92,68.09,68.15,879520
2026-03-05,VF_A05,NYSE,USD,93.62,94.07,92.54,92.59,1621514
2026-03-05,VF_A06,NYSE ADR,USD,35.83,35.91,35.48,35.59,697553
2026-03-05,VF_A07,NYSE ADR,USD,26.73,27.0,26.53,26.92,1134123
2026-03-05,VF_A08,NYSE,USD,38.65,38.93,38.56,38.7,5575165
2026-03-06,VF_A01,NYSE ADR,USD,55.23,55.46,54.74,54.8,1489649
2026-03-06,VF_A02,NASDAQ,USD,88.57,93.76,88.44,93.76,2469877
2026-03-06,VF_A03,NYSE ADR,USD,27.17,28.67,27.14,28.6,1146089
2026-03-06,VF_A04,NYSE ADR,USD,68.12,70.39,68.09,70.24,2984879
2026-03-06,VF_A05,NYSE,USD,93.06,93.38,92.95,93.31,2166848
2026-03-06,VF_A06,NYSE ADR,USD,35.67,36.21,35.27,36.0,1906203
2026-03-06,VF_A07,NYSE ADR,USD,26.94,27.58,26.89,27.42,2563048
2026-03-06,VF_A08,NYSE,USD,38.71,39.63,38.43,39.43,2753947
2026-03-09,VF_A01,NYSE ADR,USD,55.22,55.56,54.39,54.49,1359076
2026-03-09,VF_A02,NASDAQ,USD,93.88,97.35,93.4,97.26,1286801
2026-03-09,VF_A03,NYSE ADR,USD,28.48,28.52,27.48,27.5,2012322
2026-03-09,VF_A04,NYSE ADR,USD,70.45,71.12,70.3,71.09,1281467
2026-03-09,VF_A05,NYSE,USD,92.98,93.13,92.51,92.92,1446073
2026-03-09,VF_A06,NYSE ADR,USD,36.14,36.92,35.94,36.77,2616027
2026-03-09,VF_A07,NYSE ADR,USD,27.29,27.45,27.24,27.4,5183461
2026-03-09,VF_A08,NYSE,USD,39.39,39.94,39.29,39.79,1421448
2026-03-10,VF_A01,NYSE ADR,USD,54.67,55.5,54.45,55.48,2612302
2026-03-10,VF_A02,NASDAQ,USD,97.25,97.47,96.23,96.53,1392664
2026-03-10,VF_A03,NYSE ADR,USD,27.53,28.01,27.37,28.0,2358220
2026-03-10,VF_A04,NYSE ADR,USD,70.91,71.66,70.44,71.22,1150398
2026-03-10,VF_A05,NYSE,USD,93.12,94.21,93.05,94.15,1443878
2026-03-10,VF_A06,NYSE ADR,USD,36.75,36.77,36.52,36.62,1683759
2026-03-10,VF_A07,NYSE ADR,USD,27.25,27.29,26.86,26.96,2206101
2026-03-10,VF_A08,NYSE,USD,39.82,39.98,39.15,39.44,685085
2026-03-11,VF_A01,NYSE ADR,USD,55.52,55.68,55.47,55.52,1985907
2026-03-11,VF_A02,NASDAQ,USD,96.63,101.22,96.43,100.75,2032408
2026-03-11,VF_A03,NYSE ADR,USD,27.98,28.48,27.81,28.26,1994074
2026-03-11,VF_A04,NYSE ADR,USD,71.35,71.54,68.71,68.89,2214241
2026-03-11,VF_A05,NYSE,USD,94.07,97.3,93.45,96.78,1097037
2026-03-11,VF_A06,NYSE ADR,USD,36.59,36.66,36.02,36.16,1805613
2026-03-11,VF_A07,NYSE ADR,USD,26.93,28.15,26.93,28.04,1134954
2026-03-11,VF_A08,NYSE,USD,39.58,39.66,39.51,39.57,2001318
2026-03-12,VF_A01,NYSE ADR,USD,55.53,55.74,55.18,55.46,1363059
2026-03-12,VF_A02,NASDAQ,USD,100.4,104.75,100.2,104.42,1376424
2026-03-12,VF_A03,NYSE ADR,USD,28.29,28.32,27.83,27.84,1153062
2026-03-12,VF_A04,NYSE ADR,USD,68.71,70.08,68.6,69.86,1139788
2026-03-12,VF_A05,NYSE,USD,95.73,95.77,94.51,94.72,1730054
2026-03-12,VF_A06,NYSE ADR,USD,36.17,36.26,35.07,35.08,1011552
2026-03-12,VF_A07,NYSE ADR,USD,28.05,28.06,27.24,27.25,1560519
2026-03-12,VF_A08,NYSE,USD,39.64,39.66,38.88,38.95,1499502
2026-03-13,VF_A01,NYSE ADR,USD,55.4,55.75,55.35,55.72,1195475
2026-03-13,VF_A02,NASDAQ,USD,104.83,105.12,97.85,98.28,1208744
2026-03-13,VF_A03,NYSE ADR,USD,27.77,28.1,27.59,28.03,3315394
2026-03-13,VF_A04,NYSE ADR,USD,69.65,69.78,68.51,68.94,895773
2026-03-13,VF_A05,NYSE,USD,94.87,94.92,93.19,93.76,1345286
2026-03-13,VF_A06,NYSE ADR,USD,35.17,35.47,34.9,35.05,1592067
2026-03-13,VF_A07,NYSE ADR,USD,27.17,27.37,26.83,27.31,3512579
2026-03-13,VF_A08,NYSE,USD,39.08,39.27,39.02,39.2,2873536
2026-03-16,VF_A01,NYSE ADR,USD,55.52,55.53,55.18,55.5,943900
2026-03-16,VF_A02,NASDAQ,USD,98.74,99.16,97.07,97.3,749412
2026-03-16,VF_A03,NYSE ADR,USD,28.06,28.72,27.95,28.63,2371334
2026-03-16,VF_A04,NYSE ADR,USD,68.77,69.29,68.67,68.92,1592726
2026-03-16,VF_A05,NYSE,USD,93.48,94.16,92.75,93.83,1263552
2026-03-16,VF_A06,NYSE ADR,USD,35.13,35.16,34.68,34.81,909572
2026-03-16,VF_A07,NYSE ADR,USD,27.34,27.36,27.18,27.28,2401017
2026-03-16,VF_A08,NYSE,USD,39.26,39.5,39.2,39.33,2169512
2026-03-17,VF_A01,NYSE ADR,USD,55.33,56.31,55.08,55.99,2207613
2026-03-17,VF_A02,NASDAQ,USD,96.87,97.46,96.59,96.67,3164134
2026-03-17,VF_A03,NYSE ADR,USD,28.51,28.52,28.04,28.13,861374
2026-03-17,VF_A04,NYSE ADR,USD,68.72,68.79,68.29,68.5,2419949
2026-03-17,VF_A05,NYSE,USD,94.1,94.57,93.57,94.38,1296024
2026-03-17,VF_A06,NYSE ADR,USD,34.75,35.35,34.56,35.09,2238219
2026-03-17,VF_A07,NYSE ADR,USD,27.11,27.22,26.52,26.56,1292656
2026-03-17,VF_A08,NYSE,USD,39.38,39.5,39.18,39.47,680900
2026-03-18,VF_A01,NYSE ADR,USD,55.97,56.07,55.24,55.46,3233410
2026-03-18,VF_A02,NASDAQ,USD,95.75,95.99,95.07,95.18,1046114
2026-03-18,VF_A03,NYSE ADR,USD,27.97,28.0,27.78,27.84,1542879
2026-03-18,VF_A04,NYSE ADR,USD,68.64,69.2,68.43,68.85,1730719
2026-03-18,VF_A05,NYSE,USD,94.1,95.07,93.41,93.45,1038861
2026-03-18,VF_A06,NYSE ADR,USD,35.22,35.31,33.89,34.04,1690858
2026-03-18,VF_A07,NYSE ADR,USD,26.52,26.53,26.38,26.43,1801622
2026-03-18,VF_A08,NYSE,USD,39.48,39.65,38.74,38.81,1531765
2026-03-19,VF_A01,NYSE ADR,USD,55.71,55.73,55.28,55.3,2221890
2026-03-19,VF_A02,NASDAQ,USD,95.48,95.55,93.15,93.46,1569196
2026-03-19,VF_A03,NYSE ADR,USD,27.94,28.09,27.75,27.99,1877600
2026-03-19,VF_A04,NYSE ADR,USD,69.07,69.14,67.83,68.08,1256102
2026-03-19,VF_A05,NYSE,USD,93.2,94.11,93.04,93.56,2008817
2026-03-19,VF_A06,NYSE ADR,USD,34.07,35.23,34.0,35.08,966122
2026-03-19,VF_A07,NYSE ADR,USD,26.48,26.49,25.89,25.91,2117331
2026-03-19,VF_A08,NYSE,USD,38.85,39.0,37.93,38.12,5537035
2026-03-20,VF_A01,NYSE ADR,USD,55.4,55.83,54.72,54.78,1328053
2026-03-20,VF_A02,NASDAQ,USD,93.3,93.73,90.7,90.95,1374119
2026-03-20,VF_A03,NYSE ADR,USD,28.08,28.13,27.55,27.58,662371
2026-03-20,VF_A04,NYSE ADR,USD,68.0,68.46,67.28,67.42,916878
2026-03-20,VF_A05,NYSE,USD,93.61,94.03,91.53,92.46,2554739
2026-03-20,VF_A06,NYSE ADR,USD,35.25,35.36,34.33,34.39,1611240
2026-03-20,VF_A07,NYSE ADR,USD,25.88,26.9,25.7,26.85,2491474
2026-03-20,VF_A08,NYSE,USD,38.09,38.63,38.0,38.29,1183163
2026-03-23,VF_A01,NYSE ADR,USD,54.69,55.79,54.6,55.49,514926
2026-03-23,VF_A02,NASDAQ,USD,90.56,91.2,90.39,91.0,1133804
2026-03-23,VF_A03,NYSE ADR,USD,27.53,28.08,27.45,28.03,1291426
2026-03-23,VF_A04,NYSE ADR,USD,67.31,68.56,67.06,68.53,1063740
2026-03-23,VF_A05,NYSE,USD,92.6,94.67,92.57,94.5,1232418
2026-03-23,VF_A06,NYSE ADR,USD,34.61,35.92,34.56,3589.0,726465
2026-03-23,VF_A07,NYSE ADR,USD,26.97,27.09,26.93,26.99,1535639
2026-03-23,VF_A08,NYSE,USD,38.42,38.78,37.92,38.05,4373126
2026-03-24,VF_A01,NYSE ADR,USD,55.48,56.32,55.32,55.75,2856219
2026-03-24,VF_A02,NASDAQ,USD,91.05,91.49,88.32,88.35,1104202
2026-03-24,VF_A03,NYSE ADR,USD,28.09,28.26,28.02,28.14,1203034
2026-03-24,VF_A04,NYSE ADR,USD,68.44,68.57,67.74,67.85,1494123
2026-03-24,VF_A05,NYSE,USD,94.58,96.65,94.01,96.16,870062
2026-03-24,VF_A06,NYSE ADR,USD,35.85,36.26,35.79,36.19,2158393
2026-03-24,VF_A07,NYSE ADR,USD,26.81,26.98,26.5,26.6,4455220
2026-03-24,VF_A08,NYSE,USD,38.04,38.56,37.93,38.56,1548709
2026-03-25,VF_A01,NYSE ADR,USD,55.93,56.77,55.82,56.69,964119
2026-03-25,VF_A02,NASDAQ,USD,88.43,89.83,87.98,89.8,294717
2026-03-25,VF_A03,NYSE ADR,USD,28.16,28.21,27.85,28.0,2932020
2026-03-25,VF_A04,NYSE ADR,USD,68.18,68.71,67.89,68.38,2402940
2026-03-25,VF_A05,NYSE,USD,96.22,97.38,95.75,97.12,2467667
2026-03-25,VF_A06,NYSE ADR,USD,36.32,36.47,35.28,35.38,1541054
2026-03-25,VF_A07,NYSE ADR,USD,26.38,26.42,26.02,26.09,1770134
2026-03-25,VF_A08,NYSE,USD,38.54,38.72,38.43,38.5,1561385
2026-03-26,VF_A01,NYSE ADR,USD,56.87,57.34,56.59,57.05,2571055
2026-03-26,VF_A02,NASDAQ,USD,90.01,90.13,88.24,88.25,2254728
2026-03-26,VF_A03,NYSE ADR,USD,28.02,28.04,27.36,27.38,1447858
2026-03-26,VF_A04,NYSE ADR,USD,68.82,68.83,66.24,66.31,1285295
2026-03-26,VF_A05,NYSE,USD,97.36,98.33,96.81,97.57,584886
2026-03-26,VF_A06,NYSE ADR,USD,35.35,35.48,34.62,34.63,996243
2026-03-26,VF_A07,NYSE ADR,USD,25.91,25.96,25.49,25.6,1079649
2026-03-26,VF_A08,NYSE,USD,38.49,38.62,37.84,37.95,1049701
2026-03-27,VF_A01,NYSE ADR,USD,56.76,56.8,56.09,56.46,2481249
2026-03-27,VF_A02,NASDAQ,USD,88.09,88.21,87.77,87.84,879989
2026-03-27,VF_A03,NYSE ADR,USD,27.32,28.37,27.2,28.19,1392737
2026-03-27,VF_A04,NYSE ADR,USD,66.19,67.99,66.06,67.72,3825039
2026-03-27,VF_A05,NYSE,USD,97.6,97.8,95.63,95.67,1457690
2026-03-27,VF_A06,NYSE ADR,USD,34.5,34.63,33.68,33.71,1874298
2026-03-27,VF_A07,NYSE ADR,USD,25.49,26.33,25.42,26.21,2291079
2026-03-27,VF_A08,NYSE,USD,37.94,38.15,37.34,37.48,2440466
2026-03-30,VF_A01,NYSE ADR,USD,56.52,56.57,56.0,56.05,1193111
2026-03-30,VF_A02,NASDAQ,USD,88.17,90.69,88.02,90.62,1709960
2026-03-30,VF_A03,NYSE ADR,USD,28.31,29.3,28.26,29.23,2046717
2026-03-30,VF_A04,NYSE ADR,USD,67.81,68.73,67.44,68.04,1992133
2026-03-30,VF_A05,NYSE,USD,95.97,96.27,94.15,94.64,1555960
2026-03-30,VF_A06,NYSE ADR,USD,33.99,34.58,33.9,34.58,1352856
2026-03-30,VF_A07,NYSE ADR,USD,26.19,26.33,25.73,25.85,1806014
2026-03-30,VF_A08,NYSE,USD,37.45,38.09,37.28,37.88,1282091
2026-03-31,VF_A01,NYSE ADR,USD,55.9,56.35,55.6,56.28,2582238
2026-03-31,VF_A02,NASDAQ,USD,90.93,92.79,90.64,92.15,1070678
2026-03-31,VF_A03,NYSE ADR,USD,29.08,29.17,27.94,28.14,1812301
2026-03-31,VF_A04,NYSE ADR,USD,67.96,69.42,67.5,69.29,957951
2026-03-31,VF_A05,NYSE,,94.75,95.2,93.55,94.2,1130622
2026-03-31,VF_A06,NYSE ADR,USD,34.68,34.84,33.45,33.47,877523
2026-03-31,VF_A07,NYSE ADR,USD,25.8,26.39,25.72,26.29,3068478
2026-03-31,VF_A08,NYSE,USD,37.89,38.32,37.89,38.3,1139092
2026-04-01,VF_A01,NYSE ADR,USD,56.34,56.9,56.27,56.71,873616
2026-04-01,VF_A02,NASDAQ,USD,92.45,92.66,89.78,89.97,1210580
2026-04-01,VF_A03,NYSE ADR,USD,28.19,28.25,27.69,27.73,2271751
2026-04-01,VF_A04,NYSE ADR,USD,69.55,69.61,69.08,69.13,2046705
2026-04-01,VF_A05,NYSE,USD,94.1,94.68,91.66,92.03,1596419
2026-04-01,VF_A06,NYSE ADR,USD,33.46,34.11,33.29,33.99,1831214
2026-04-01,VF_A07,NYSE ADR,USD,26.24,26.37,25.82,25.98,1134260
2026-04-01,VF_A08,NYSE,USD,38.31,38.44,38.1,38.22,2939642
2026-04-02,VF_A01,NYSE ADR,USD,56.65,56.67,56.02,56.22,1669856
2026-04-02,VF_A02,NASDAQ,USD,89.62,90.24,87.96,88.51,2200716
2026-04-02,VF_A03,NYSE ADR,USD,27.87,28.04,27.23,27.25,1413656
2026-04-02,VF_A04,NYSE ADR,USD,69.64,70.48,69.3,70.02,1639340
2026-04-02,VF_A05,NYSE,USD,91.84,92.66,91.49,92.26,1879778
2026-04-02,VF_A06,NYSE ADR,USD,34.14,34.76,34.09,34.7,3829451
2026-04-02,VF_A07,NYSE ADR,USD,25.98,27.1,25.89,26.97,1074784
2026-04-02,VF_A08,NYSE,USD,38.19,38.7,38.19,38.46,1109702
2026-04-03,VF_A01,NYSE ADR,USD,56.23,56.38,55.9,56.01,942468
2026-04-03,VF_A02,NASDAQ,USD,88.53,88.91,85.55,85.6,1662063
2026-04-03,VF_A03,NYSE ADR,USD,27.44,27.5,26.9,26.99,2674357
2026-04-03,VF_A04,NYSE ADR,USD,70.19,71.78,69.94,71.59,1693738
2026-04-03,VF_A05,NYSE,USD,91.41,91.59,90.55,90.72,3121112
2026-04-03,VF_A06,NYSE ADR,USD,34.73,34.91,33.44,33.56,908585
2026-04-03,VF_A07,NYSE ADR,USD,26.9,27.83,26.74,27.72,3695471
2026-04-03,VF_A08,NYSE,USD,38.51,38.52,37.56,37.93,1447848
2026-04-06,VF_A01,NYSE ADR,USD,56.13,56.23,55.46,55.56,1288260
2026-04-06,VF_A02,NASDAQ,USD,85.53,86.04,83.93,84.18,2253749
2026-04-06,VF_A03,NYSE ADR,USD,27.01,27.83,26.94,27.79,2805194
2026-04-06,VF_A04,NYSE ADR,USD,71.8,72.09,71.63,72.02,2160005
2026-04-06,VF_A05,NYSE,USD,90.37,93.03,90.08,92.67,1867891
2026-04-06,VF_A06,NYSE ADR,USD,33.48,33.81,33.28,33.77,1745585
2026-04-06,VF_A07,NYSE ADR,USD,27.7,27.72,26.81,26.93,1056816
2026-04-06,VF_A08,NYSE,USD,37.91,38.02,37.36,37.39,869152
2026-04-07,VF_A01,NYSE ADR,USD,55.68,57.17,55.54,56.94,1445474
2026-04-07,VF_A02,NASDAQ,USD,84.61,84.7,83.31,84.06,4293789
2026-04-07,VF_A03,NYSE ADR,USD,27.81,27.97,27.77,27.92,1512658
2026-04-07,VF_A04,NYSE ADR,USD,72.38,73.9,72.08,73.83,696489
2026-04-07,VF_A05,NYSE,USD,92.61,94.17,92.1,94.1,1551585
2026-04-07,VF_A06,NYSE ADR,USD,33.74,34.52,33.69,34.47,4838400
2026-04-07,VF_A07,NYSE ADR,USD,26.85,27.03,26.84,26.86,1791195
2026-04-07,VF_A08,NYSE,USD,37.55,37.62,36.99,37.06,1497115
2026-04-08,VF_A01,NYSE ADR,USD,56.81,57.88,56.48,57.42,887515
2026-04-08,VF_A02,NASDAQ,USD,84.04,84.32,83.42,83.66,2472868
2026-04-08,VF_A03,NYSE ADR,USD,27.83,29.1,27.77,29.06,3237352
2026-04-08,VF_A04,NYSE ADR,USD,73.55,74.74,73.11,74.43,2550078
2026-04-08,VF_A05,NYSE,USD,94.0,95.36,93.98,95.01,2106740
2026-04-08,VF_A06,NYSE ADR,USD,34.31,34.74,34.04,34.54,1850627
2026-04-08,VF_A07,NYSE ADR,USD,26.77,27.44,26.66,27.43,3565031
2026-04-08,VF_A08,NYSE,USD,37.3,37.44,37.12,37.2,1619950
2026-04-09,VF_A01,NYSE ADR,USD,57.64,59.47,57.44,59.39,1303474
2026-04-09,VF_A02,NASDAQ,USD,83.55,86.59,83.2,86.24,1678058
2026-04-09,VF_A03,NYSE ADR,USD,29.12,29.6,29.05,29.59,3190862
2026-04-09,VF_A04,NYSE ADR,USD,74.35,75.98,74.21,75.44,1765987
2026-04-09,VF_A05,NYSE,USD,94.86,94.88,93.82,94.34,2036615
2026-04-09,VF_A06,NYSE ADR,USD,34.54,34.7,34.11,34.19,1451417
2026-04-09,VF_A07,NYSE ADR,USD,27.33,27.55,26.92,26.93,2184672
2026-04-09,VF_A08,NYSE,USD,37.18,37.69,37.09,37.53,1628074
2026-04-10,VF_A01,NYSE ADR,USD,59.38,59.46,58.96,59.09,2090888
2026-04-10,VF_A02,NASDAQ,USD,86.07,87.17,85.36,86.89,1454589
2026-04-10,VF_A03,NYSE ADR,USD,29.64,29.68,27.83,28.05,1659913
2026-04-10,VF_A04,NYSE ADR,USD,75.62,76.12,72.99,73.51,2535960
2026-04-10,VF_A05,NYSE,USD,94.18,94.27,92.01,92.38,1011005
2026-04-10,VF_A06,NYSE ADR,USD,34.18,34.92,34.12,34.7,904295
2026-04-10,VF_A07,NYSE ADR,USD,26.9,26.96,25.99,26.15,1740413
2026-04-10,VF_A08,NYSE,USD,37.63,37.77,37.33,37.72,1125736
2026-04-13,VF_A01,NYSE ADR,USD,59.14,60.35,59.02,60.12,1423676
2026-04-13,VF_A02,NASDAQ,USD,87.25,87.74,85.79,85.89,1116098
2026-04-13,VFA03,NYSE ADR,USD,28.07,28.63,27.92,28.57,2350690
2026-04-13,VF_A04,NYSE ADR,USD,73.75,73.76,72.18,72.34,965900
2026-04-13,VF_A05,NYSE,USD,92.25,93.78,91.3,93.39,1345188
2026-04-13,VF_A06,NYSE ADR,USD,34.69,35.22,34.45,34.99,2962115
2026-04-13,VF_A07,NYSE ADR,USD,26.13,27.28,26.04,27.24,919860
2026-04-13,VF_A08,NYSE,USD,37.67,38.05,37.64,37.88,1187168
2026-04-14,VF_A01,NYSE ADR,USD,60.13,61.35,59.95,61.2,414846
2026-04-14,VF_A02,NASDAQ,USD,85.66,90.4,85.44,89.76,1003145
2026-04-14,VF_A03,NYSE ADR,USD,28.47,29.91,28.46,29.83,1593157
2026-04-14,VF_A04,NYSE ADR,USD,72.53,73.23,71.16,71.58,1100332
2026-04-14,VF_A05,NYSE,USD,93.2,95.05,92.93,94.66,1998938
2026-04-14,VF_A06,NYSE ADR,USD,34.95,36.11,34.68,36.09,1056276
2026-04-14,VF_A07,NYSE ADR,USD,27.23,27.41,26.72,26.95,952724
2026-04-14,VF_A08,NYSE,USD,38.0,38.35,37.78,38.25,2828544
2026-04-15,VF_A01,NYSE ADR,USD,61.16,61.22,59.55,59.6,2060600
2026-04-15,VF_A02,NASDAQ,USD,89.93,90.47,89.13,89.34,1737064
2026-04-15,VF_A03,NYSE ADR,USD,29.71,29.82,29.35,29.4,2598762
2026-04-15,VF_A04,NYSE ADR,USD,71.79,72.83,71.77,72.6,2710292
2026-04-15,VF_A05,NYSE,USD,94.34,94.57,92.24,92.58,2895991
2026-04-15,VF_A06,NYSE ADR,USD,36.1,36.46,36.06,36.45,875538
2026-04-15,VF_A07,NYSE ADR,USD,26.86,26.9,26.52,26.59,1944189
2026-04-15,VF_A08,NYSE,USD,38.19,38.7,38.17,38.5,1399651
2026-04-16,VF_A01,NYSE ADR,USD,59.67,59.95,59.1,59.27,3589281
2026-04-16,VF_A02,NASDAQ,USD,89.75,89.89,88.77,88.97,1449173
2026-04-16,VF_A03,NYSE ADR,USD,29.44,29.54,29.29,29.52,1790097
2026-04-16,VF_A04,NYSE ADR,USD,72.64,72.68,72.24,72.49,1412164
2026-04-16,VF_A05,NYSE,USD,92.67,93.0,92.64,92.91,1245068
2026-04-16,VF_A06,NYSE ADR,USD,36.37,36.51,35.19,35.49,3082846
2026-04-16,VF_A07,NYSE ADR,USD,26.48,26.65,26.45,26.63,3108582
2026-04-16,VF_A08,NYSE,USD,38.42,39.13,38.37,39.01,1229533
2026-04-17,VF_A01,NYSE ADR,USD,59.42,59.78,59.27,59.37,724409
2026-04-17,VF_A02,NASDAQ,USD,89.15,91.85,88.94,91.49,2059056
2026-04-17,VF_A03,NYSE ADR,USD,29.5,29.82,29.42,29.75,1149548
2026-04-17,VF_A04,NYSE ADR,USD,72.44,75.0,72.43,74.77,1672568
2026-04-17,VF_A05,NYSE,USD,93.26,95.24,93.21,95.13,970212
2026-04-17,VF_A06,NYSE ADR,USD,35.52,35.69,35.38,35.48,1774014
2026-04-17,VF_A07,NYSE ADR,USD,26.57,27.34,26.44,27.29,1144314
2026-04-17,VF_A08,NYSE,USD,38.98,39.77,38.87,39.5,1006182
2026-04-20,VF_A01,NYSE ADR,USD,59.35,59.83,58.66,59.02,2122349
2026-04-20,VF_A02,NASDAQ,USD,91.6,95.36,91.54,95.04,935952
2026-04-20,VF_A03,NYSE ADR,USD,29.76,30.29,29.63,30.21,2012970
2026-04-20,VF_A04,NYSE ADR,USD,74.65,75.09,74.57,75.03,1270180
2026-04-20,VF_A05,NYSE,USD,95.29,95.58,92.86,93.0,1185776
2026-04-20,VF_A06,NYSE ADR,USD,35.42,35.46,35.39,35.42,2243596
2026-04-20,VF_A07,NYSE ADR,USD,27.31,27.34,26.51,26.62,1182205
2026-04-20,VF_A08,NYSE,USD,39.39,39.73,39.35,39.45,848632
2026-04-21,VF_A01,NYSE ADR,USD,59.26,59.48,59.15,59.45,1132445
2026-04-21,VF_A02,NASDAQ,USD,95.55,95.58,94.58,95.45,2820160
2026-04-21,VF_A03,NYSE ADR,USD,30.12,30.19,29.98,30.02,1339479
2026-04-21,VF_A04,NYSE ADR,USD,75.04,76.43,74.7,76.38,1297554
2026-04-21,VF_A05,NYSE,USD,93.08,93.2,91.68,91.8,1910040
2026-04-21,VF_A06,NYSE ADR,USD,35.38,35.94,35.25,35.92,2989124
2026-04-21,VF_A07,NYSE ADR,USD,26.59,26.94,26.54,26.86,1504033
2026-04-21,VF_A08,NYSE,USD,39.5,40.31,39.43,40.21,1059542
2026-04-22,VF_A01,NYSE ADR,USD,59.21,60.27,59.02,60.09,1752668
2026-04-22,VF_A02,NASDAQ,USD,95.3,95.95,95.16,95.86,2342853
2026-04-22,VF_A03,NYSE ADR,USD,29.8,29.95,29.51,29.94,4123708
2026-04-22,VF_A04,NYSE ADR,USD,76.35,79.64,76.3,79.15,1596790
2026-04-22,VF_A05,NYSE,USD,92.12,92.38,90.65,91.28,944435
2026-04-22,VF_A06,NYSE ADR,USD,35.87,35.98,34.71,34.8,1130066
2026-04-22,VF_A07,NYSE ADR,USD,26.92,27.64,26.68,27.58,2170850
2026-04-22,VF_A08,NYSE,USD,40.3,41.28,40.12,41.09,1705907
2026-04-23,VF_A01,NYSE ADR,USD,59.59,59.88,59.09,59.67,1173947
2026-04-23,VF_A02,NASDAQ,USD,96.28,96.53,95.58,95.69,2447376
2026-04-23,VF_A03,NYSE ADR,USD,29.88,29.97,29.67,29.97,1332891
2026-04-23,VF_A04,NYSE ADR,USD,79.08,79.45,77.99,78.12,1564877
2026-04-23,VF_A05,NYSE,USD,91.46,91.66,91.3,91.56,944353
2026-04-23,VF_A06,NYSE ADR,USD,34.68,34.75,34.64,34.71,1746430
2026-04-23,VF_A07,NYSE ADR,USD,27.68,27.77,25.92,26.11,1259312
2026-04-23,VF_A08,NYSE,USD,41.28,41.47,40.81,41.17,1841768
2026-04-24,VF_A01,NYSE ADR,USD,59.42,59.98,59.38,59.69,3494043
2026-04-24,VF_A02,NASDAQ,USD,95.61,96.28,92.12,92.49,900212
2026-04-24,VF_A03,NYSE ADR,USD,30.03,30.05,28.48,28.67,4398295
2026-04-24,VF_A04,NYSE ADR,USD,78.46,78.6,76.4,76.73,587608
2026-04-24,VF_A05,NYSE,USD,91.32,92.1,90.92,92.09,1216880
2026-04-24,VF_A06,NYSE ADR,USD,34.74,34.85,34.16,34.19,896686
2026-04-24,VF_A07,NYSE ADR,USD,26.13,26.64,26.07,26.6,1401692
2026-04-24,VF_A08,NYSE,USD,41.18,41.6,40.91,41.58,1483383
2026-04-27,VF_A01,NYSE ADR,USD,59.73,59.87,58.24,58.27,2478674
2026-04-27,VF_A02,NASDAQ,USD,92.35,92.46,90.0,90.33,2189438
2026-04-27,VF_A03,NYSE ADR,USD,28.68,29.17,28.6,29.05,1569952
2026-04-27,VF_A04,NYSE ADR,USD,76.96,77.45,76.74,77.43,1930595
2026-04-27,VF_A05,NYSE,USD,91.96,92.7,91.5,91.77,1841895
2026-04-27,VF_A06,NYSE ADR,USD,34.06,34.22,33.58,33.68,1419288
2026-04-27,VF_A07,NYSE ADR,USD,26.65,26.77,25.14,25.27,2175579
2026-04-27,VF_A08,NYSE,USD,41.74,41.86,41.28,41.42,1778615
2026-04-28,VF_A01,NYSE ADR,USD,58.28,59.01,57.4,57.47,1358721
2026-04-28,VF_A02,NASDAQ,USD,90.04,90.07,84.99,85.75,1168410
2026-04-28,VF_A03,NYSE ADR,USD,29.06,29.12,28.2,28.24,3126202
2026-04-28,VF_A04,NYSE ADR,USD,77.06,77.07,76.42,76.69,1228522
2026-04-28,VF_A05,NYSE,USD,91.43,91.75,90.42,90.65,1191269
2026-04-28,VF_A06,NYSE ADR,USD,33.73,33.85,32.21,32.26,1204129
2026-04-28,VF_A07,NYSE ADR,USD,25.25,25.9,25.21,25.81,1620651
2026-04-28,VF_A08,NYSE,USD,41.38,41.69,41.1,41.46,931968
2026-04-29,VF_A01,NYSE ADR,USD,57.46,58.42,57.16,58.05,1049908
2026-04-29,VF_A02,NASDAQ,USD,85.48,87.42,85.23,86.79,2072170
2026-04-29,VF_A03,NYSE ADR,USD,28.37,28.4,27.81,27.83,1290983
2026-04-29,VF_A04,NYSE ADR,USD,76.71,77.18,75.83,76.09,1215877
2026-04-29,VF_A05,NYSE,USD,90.34,91.46,90.12,91.37,1954120
2026-04-29,VF_A06,NYSE ADR,USD,32.17,33.04,31.91,33.02,1385139
2026-04-29,VF_A07,NYSE ADR,USD,25.92,26.37,25.92,26.26,1070005
2026-04-29,VF_A08,NYSE,USD,41.33,41.65,41.17,41.52,1626159
2026-04-30,VF_A01,NYSE ADR,USD,58.17,58.68,57.86,58.52,3264450
2026-04-30,VF_A02,NASDAQ,USD,87.06,87.68,85.19,85.27,2470786
2026-04-30,VF_A03,NYSE ADR,USD,27.79,27.99,27.63,27.75,5201389
2026-04-30,VF_A04,NYSE ADR,USD,76.46,76.61,75.54,76.0,1001195
2026-04-30,VF_A05,NYSE,USD,91.82,92.74,91.58,92.16,1900785
2026-04-30,VF_A06,NYSE ADR,USD,33.17,34.12,33.12,34.05,2345416
2026-04-30,VF_A07,NYSE ADR,USD,26.17,27.09,26.09,27.05,1554644
2026-04-30,VF_A08,NYSE,USD,41.82,41.87,41.33,41.42,1019154
2026-05-01,VF_A01,NYSE ADR,USD,58.25,58.68,57.97,58.01,3242055
2026-05-01,VF_A02,NASDAQ,USD,85.18,87.65,84.73,86.96,1956568
2026-05-01,VF_A03,NYSE ADR,USD,27.74,27.79,26.84,26.88,877485
2026-05-01,VF_A04,NYSE ADR,USD,75.88,76.08,75.84,75.91,1360030
2026-05-01,VF_A05,NYSE,USD,92.24,92.41,90.9,91.02,710324
2026-05-01,VF_A06,NYSE ADR,USD,34.28,34.44,32.18,32.27,1583399
2026-05-01,VF_A07,NYSE ADR,USD,26.89,27.3,26.69,27.29,1483975
2026-05-01,VF_A08,NYSE,USD,41.32,41.39,41.04,41.16,3478136
2026-05-04,VF_A01,NYSE ADR,USD,57.93,58.2,57.53,57.73,1844088
2026-05-04,VF_A02,NASDAQ,USD,86.75,87.54,86.69,87.45,2470447
2026-05-04,VF_A03,NYSE ADR,USD,26.85,26.89,26.55,26.63,2321312
2026-05-04,VF_A04,NYSE ADR,USD,76.05,76.33,76.0,76.08,2230011
2026-05-04,VF_A05,NYSE,USD,90.99,91.26,90.58,90.8,1692352
2026-05-04,VF_A06,NYSE ADR,USD,32.47,32.5,31.82,32.03,1820854
2026-05-04,VF_A07,NYSE ADR,USD,27.27,28.18,27.08,28.1,3593716
2026-05-04,VF_A08,NYSE,USD,41.15,41.53,41.0,41.23,3536994
2026-05-05,VF_A01,NYSE ADR,USD,57.75,57.79,57.46,57.71,1153746
2026-05-05,VF_A02,NASDAQ,USD,87.21,87.35,84.07,84.23,2096272
2026-05-05,VF_A03,NYSE ADR,USD,26.66,27.5,26.56,27.33,2681324
2026-05-05,VF_A04,NYSE ADR,USD,76.56,76.78,74.73,74.98,1384483
2026-05-05,VF_A05,NYSE,USD,90.35,90.59,89.1,89.23,1052701
2026-05-05,VF_A06,NYSE ADR,USD,32.07,32.16,31.75,31.84,1810852
2026-05-05,VF_A07,NYSE ADR,USD,28.25,28.44,28.12,28.13,2367253
2026-05-05,VF_A08,NYSE,USD,41.34,41.77,41.31,41.67,1002064
2026-05-06,VF_A01,NYSE ADR,USD,57.94,59.61,57.42,59.27,1568722
2026-05-06,VF_A02,NASDAQ,USD,84.17,88.52,84.02,88.33,3983513
2026-05-06,VF_A03,NYSE ADR,USD,27.27,27.3,27.09,27.12,4719256
2026-05-06,VF_A04,NYSE ADR,USD,75.14,75.48,73.59,73.78,1473138
2026-05-06,VF_A05,NYSE,USD,89.71,90.11,88.48,88.69,1913116
2026-05-06,VF_A06,NYSE ADR,USD,31.88,32.62,31.8,32.59,2852698
2026-05-06,VF_A07,NYSE ADR,USD,28.2,28.83,28.09,28.78,3859216
2026-05-06,VF_A08,NYSE,USD,41.57,41.71,41.01,41.12,2308709
2026-05-07,VF_A01,NYSE ADR,USD,59.49,60.59,59.26,60.55,2639520
2026-05-07,VF_A02,NASDAQ,USD,88.28,88.65,88.16,88.2,911581
2026-05-07,VF_A03,NYSE ADR,USD,27.09,27.79,26.9,27.6,1875060
2026-05-07,VF_A04,NYSE ADR,USD,73.56,74.44,73.37,74.1,1535285
2026-05-07,VF_A05,NYSE,USD,88.34,88.73,88.0,88.11,1042429
2026-05-07,VF_A06,NYSE ADR,USD,32.55,33.63,32.44,33.54,1466389
2026-05-07,VF_A07,NYSE ADR,USD,28.63,28.83,27.99,28.09,2109340
2026-05-07,VF_A08,NYSE,USD,41.3,41.65,41.11,41.45,2811734
2026-05-08,VF_A01,NYSE ADR,USD,60.66,60.69,60.19,60.33,1813973
2026-05-08,VF_A02,NASDAQ,USD,87.79,89.24,87.66,89.17,1162023
2026-05-08,VF_A03,NYSE ADR,USD,27.55,27.9,27.52,27.77,3163954
2026-05-08,VF_A04,NYSE ADR,USD,74.05,75.6,73.93,75.52,1768899
2026-05-08,VF_A05,NYSE,USD,88.17,89.56,87.84,89.43,2226098
2026-05-08,VF_A06,NYSE ADR,USD,33.62,33.68,32.35,32.37,1229967
2026-05-08,VF_A07,NYSE ADR,USD,28.12,28.26,27.97,28.15,1736138
2026-05-08,VF_A08,NYSE,USD,41.36,41.55,40.81,41.01,2198606
2026-05-11,VF_A01,NYSE ADR,USD,60.54,60.6,59.01,59.24,816028
2026-05-11,VF_A02,NASDAQ,USD,89.26,89.29,88.49,88.85,1409609
2026-05-11,VF_A03,NYSE ADR,USD,27.81,28.04,27.71,27.97,1183428
2026-05-11,VF_A04,NYSE ADR,USD,75.3,75.76,75.12,75.48,2250792
2026-05-11,VF_A05,NYSE,USD,89.51,89.57,86.81,87.44,1423191
2026-05-11,VF_A06,NYSE ADR,USD,32.25,32.26,31.76,31.87,2297435
2026-05-11,VF_A07,NYSE ADR,USD,28.05,28.28,28.04,28.23,936285
2026-05-11,VF_A08,NYSE,USD,41.11,41.24,40.74,40.79,1265656
2026-05-12,VF_A01,NYSE ADR,USD,59.1,59.15,58.97,58.97,1094317
2026-05-12,VF_A02,NASDAQ,USD,88.52,88.99,88.47,88.79,1586984
2026-05-12,VF_A03,NYSE ADR,USD,27.99,28.1,26.92,27.07,863800
2026-05-12,VF_A04,NYSE ADR,USD,75.82,76.52,75.66,76.23,1176474
2026-05-12,VF_A05,NYSE,USD,87.29,88.22,86.96,87.94,1351244
2026-05-12,VF_A06,NYSE ADR,USD,31.75,32.02,31.59,31.98,1433618
2026-05-12,VF_A07,NYSE ADR,USD,28.32,28.9,28.28,28.81,1546422
2026-05-12,VF_A08,NYSE,USD,40.66,41.49,40.64,41.41,827947
2026-05-13,VF_A01,NYSE ADR,USD,59.23,59.23,57.48,57.48,767439
2026-05-13,VF_A02,NASDAQ,USD,89.35,90.08,88.78,88.92,1017633
2026-05-13,VF_A03,NYSE ADR,USD,27.03,27.67,27.0,27.56,802584
2026-05-13,VF_A04,NYSE ADR,USD,76.03,78.93,75.88,78.68,3921982
2026-05-13,VF_A05,NYSE,USD,88.14,88.27,87.48,87.53,830148
2026-05-13,VF_A06,NYSE ADR,USD,32.0,32.21,31.97,32.16,1508888
2026-05-13,VF_A07,NYSE ADR,USD,28.86,29.15,28.82,29.13,1542796
2026-05-13,VF_A08,NYSE,USD,41.34,42.46,41.3,42.24,1469118
2026-05-14,VF_A01,NYSE ADR,USD,57.46,58.59,57.25,58.42,3788145
2026-05-14,VF_A02,NASDAQ,USD,88.77,88.78,84.66,84.96,1586391
2026-05-14,VF_A03,NYSE ADR,USD,27.71,28.48,27.57,28.34,1733298
2026-05-14,VF_A04,NYSE ADR,USD,78.54,81.16,78.41,80.96,948920
2026-05-14,VF_A05,NYSE,USD,87.16,88.0,87.01,87.97,1587378
2026-05-14,VF_A06,NYSE ADR,USD,32.02,32.48,31.97,32.34,1368972
2026-05-14,VF_A07,NYSE ADR,USD,29.16,29.18,28.87,29.12,957433
2026-05-14,VF_A08,NYSE,USD,42.29,42.5,41.25,41.41,1211488
2026-05-15,VF_A01,NYSE ADR,USD,58.18,58.69,57.24,57.41,1828947
2026-05-15,VF_A02,NASDAQ,USD,84.78,84.82,82.01,82.13,2109080
2026-05-15,VF_A03,NYSE ADR,USD,28.33,28.38,28.07,28.17,2154839
2026-05-15,VF_A04,NYSE ADR,USD,80.69,80.95,80.36,80.62,1662323
2026-05-15,VF_A05,NYSE,USD,88.23,88.82,85.41,85.7,690661
2026-05-15,VF_A06,NYSE ADR,USD,32.43,32.49,32.08,32.33,1986385
2026-05-15,VF_A07,NYSE ADR,USD,29.01,29.13,28.38,28.63,1983645
2026-05-15,VF_A08,NYSE,USD,41.4,41.52,41.18,41.28,1984510
2026-05-18,VF_A01,NYSE ADR,USD,57.43,57.52,56.68,56.95,1493406
2026-05-18,VF_A02,NASDAQ,USD,81.66,83.94,81.44,83.74,2096049
2026-05-18,VF_A03,NYSE ADR,USD,28.2,29.42,28.19,29.31,2067230
2026-05-18,VF_A04,NYSE ADR,USD,80.44,81.05,80.02,80.58,1223925
2026-05-18,VF_A05,NYSE,USD,85.41,87.14,85.36,86.81,1592135
2026-05-18,VF_A06,NYSE ADR,USD,32.45,33.54,32.45,33.48,1785677
2026-05-18,VF_A07,NYSE ADR,USD,28.8,29.72,28.78,29.66,1120328
2026-05-18,VF_A08,NYSE,USD,41.48,41.85,41.31,41.65,2845989
2026-05-19,VF_A01,NYSE ADR,USD,56.56,57.08,56.27,56.33,941678
2026-05-19,VF_A02,NASDAQ,USD,83.83,83.98,80.07,80.58,3571860
2026-05-19,VF_A03,NYSE ADR,USD,29.2,29.39,28.44,28.45,1167382
2026-05-19,VF_A04,NYSE ADR,USD,80.39,80.73,80.08,80.65,911940
2026-05-19,VF_A05,NYSE,USD,86.16,87.0,85.88,86.74,922137
2026-05-19,VF_A06,NYSE ADR,USD,33.47,33.5,33.2,33.33,2578483
2026-05-19,VF_A07,NYSE ADR,USD,29.74,29.83,28.62,28.72,3093709
2026-05-19,VF_A08,NYSE,USD,41.8,41.99,41.5,41.58,603408
2026-05-20,VF_A01,NYSE ADR,USD,56.33,56.82,56.13,56.64,1994008
2026-05-20,VF_A02,NASDAQ,USD,80.33,80.63,78.89,79.23,1168477
2026-05-20,VF_A03,NYSE ADR,USD,28.38,28.86,28.23,28.84,1642480
2026-05-20,VF_A04,NYSE ADR,USD,80.74,83.28,80.73,82.84,1620733
2026-05-20,VF_A05,NYSE,USD,87.19,89.53,87.17,89.31,2462623
2026-05-20,VF_A06,NYSE ADR,USD,33.34,34.56,33.31,34.25,1263142
2026-05-20,VF_A07,NYSE ADR,USD,28.73,30.3,28.65,30.28,3626669
2026-05-20,VF_A08,NYSE,USD,41.53,41.7,41.31,41.61,2654194
2026-05-21,VF_A01,NYSE ADR,USD,56.75,57.04,55.87,55.89,1060760
2026-05-21,VF_A02,NASDAQ,USD,79.21,79.49,78.61,78.9,1254990
2026-05-21,VF_A03,NYSE ADR,USD,28.87,29.16,28.71,29.03,973911
2026-05-21,VF_A04,NYSE ADR,USD,82.9,83.15,81.07,81.19,2720316
2026-05-21,VF_A05,NYSE,USD,89.35,89.8,88.94,89.69,906231
2026-05-21,VF_A06,NYSE ADR,USD,34.28,34.3,33.75,33.83,1220195
2026-05-21,VF_A07,NYSE ADR,USD,30.12,30.18,29.57,29.79,2795442
2026-05-21,VF_A08,NYSE,USD,41.72,41.85,41.26,41.34,686760
2026-05-22,VF_A01,NYSE ADR,USD,55.93,56.08,55.66,55.73,1030617
2026-05-22,VF_A02,NASDAQ,USD,78.64,80.57,78.4,79.67,1429096
2026-05-22,VF_A03,NYSE ADR,USD,28.98,30.59,28.93,30.48,610964
2026-05-22,VF_A04,NYSE ADR,USD,81.54,81.91,80.71,80.99,1961379
2026-05-22,VF_A05,NYSE,USD,89.87,89.92,87.92,88.12,981154
2026-05-22,VF_A06,NYSE ADR,USD,33.96,34.56,33.93,34.39,2358399
2026-05-22,VF_A07,NYSE ADR,USD,29.88,30.19,29.77,30.09,1947237
2026-05-22,VF_A08,NYSE,USD,41.55,41.6,41.14,41.27,1277619
2026-05-25,VF_A01,NYSE ADR,USD,55.59,55.73,55.12,55.3,2212681
2026-05-25,VF_A02,NASDAQ,USD,79.77,80.44,77.63,77.75,792757
2026-05-25,VF_A03,NYSE ADR,USD,30.33,31.81,30.32,31.69,1008016
2026-05-25,VF_A04,NYSE ADR,USD,80.88,81.15,79.8,80.06,1439901
2026-05-25,VF_A05,NYSE,USD,88.12,89.67,87.3,89.28,1992393
2026-05-25,VF_A06,NYSE ADR,USD,34.31,34.43,34.06,34.12,3367708
2026-05-25,VF_A07,NYSE ADR,USD,30.14,30.19,28.88,28.91,1995015
2026-05-25,VF_A08,NYSE,USD,41.33,41.45,40.93,41.08,991774
2026-05-26,VF_A01,NYSE ADR,USD,55.27,55.46,54.95,55.08,2740575
2026-05-26,VF_A02,NASDAQ,USD,77.72,77.82,77.52,77.68,1119868
2026-05-26,VF_A03,NYSE ADR,USD,31.52,31.81,31.33,31.65,3957528
2026-05-26,VF_A04,NYSE ADR,USD,80.33,80.73,79.63,79.87,1258022
2026-05-26,VF_A05,NYSE,USD,89.59,91.58,89.31,91.47,1405485
2026-05-26,VF_A06,NYSE ADR,USD,34.19,34.31,33.95,34.07,517899
2026-05-26,VF_A07,NYSE ADR,USD,28.89,29.51,28.85,29.43,915907
2026-05-26,VF_A08,NYSE,USD,41.02,41.12,40.7,40.7,1727322
2026-05-27,VF_A01,NYSE ADR,USD,55.02,55.65,54.63,55.42,1406658
2026-05-27,VF_A02,NASDAQ,USD,77.5,78.17,77.27,77.98,1769737
2026-05-27,VF_A03,NYSE ADR,USD,31.66,31.72,31.55,31.59,2040455
2026-05-27,VF_A04,NYSE ADR,USD,79.83,80.41,79.51,80.38,1026322
2026-05-27,VF_A05,NYSE,USD,91.71,92.31,91.69,92.17,1132847
2026-05-27,VF_A06,NYSE ADR,USD,34.09,34.19,33.6,33.62,3016327
2026-05-27,VF_A07,NYSE ADR,USD,29.59,29.82,29.54,29.62,2146680
2026-05-27,VF_A08,NYSE,USD,40.58,41.29,40.55,40.96,1161776
2026-05-28,VF_A01,NYSE ADR,USD,55.39,55.8,54.99,55.18,1737807
2026-05-28,VF_A02,NASDAQ,USD,77.84,77.85,77.38,77.47,2048858
2026-05-28,VF_A03,NYSE ADR,USD,31.49,31.63,31.23,31.27,1492353
2026-05-28,VF_A04,NYSE ADR,USD,80.31,80.52,80.14,80.2,1318511
2026-05-28,VF_A05,NYSE,USD,92.32,92.76,91.1,91.43,2043338
2026-05-28,VF_A06,NYSE ADR,USD,33.75,33.96,32.88,32.97,1367942
2026-05-28,VF_A07,NYSE ADR,USD,29.61,30.25,29.47,30.25,1418504
2026-05-28,VF_A08,NYSE,USD,40.9,40.98,39.94,40.12,1523422
2026-05-29,VF_A01,NYSE ADR,USD,55.16,55.41,54.98,55.0,1181.9K
2026-05-29,VF_A02,NASDAQ,USD,77.39,77.71,77.08,77.4,1066085
2026-05-29,VF_A03,NYSE ADR,USD,31.22,31.24,30.78,30.87,3683847
2026-05-29,VF_A04,NYSE ADR,USD,80.46,80.88,80.21,80.79,3051792
2026-05-29,VF_A05,NYSE,USD,91.26,92.16,91.19,92.14,2548488
2026-05-29,VF_A06,NYSE ADR,USD,33.0,33.06,32.14,32.35,971061
2026-05-29,VF_A07,NYSE ADR,USD,30.25,30.42,30.15,30.21,2299894
2026-05-29,VF_A08,NYSE,USD,40.07,40.12,39.98,40.06,1797175
2026-06-01,VF_A01,NYSE ADR,USD,54.73,54.85,54.21,54.56,1180781
2026-06-01,VF_A02,NASDAQ,USD,77.07,79.62,76.8,79.27,5921507
2026-06-01,VF_A03,NYSE ADR,USD,30.85,31.14,30.8,31.03,1564546
2026-06-01,VF_A04,NYSE ADR,USD,80.74,80.87,79.71,79.88,1216617
2026-06-01,VF_A05,NYSE,USD,91.83,93.24,91.41,92.47,1991446
2026-06-01,VF_A06,NYSE ADR,USD,32.42,33.1,32.12,33.05,1168431
2026-06-01,VF_A07,NYSE ADR,USD,30.29,30.31,29.2,29.24,1507762
2026-06-01,VF_A08,NYSE,USD,40.12,40.32,40.1,40.23,4137520
2026-06-02,VF_A01,NYSE ADR,USD,54.42,54.68,53.7,53.9,2357027
2026-06-02,VF_A02,NASDAQ,USD,79.11,80.79,79.09,80.43,2663317
2026-06-02,VF_A03,NYSE ADR,USD,31.03,31.21,30.29,30.43,4312726
2026-06-02,VF_A04,NYSE ADR,USD,79.99,80.96,79.94,80.83,1043743
2026-06-02,VF_A05,NYSE,USD,92.77,93.44,91.85,92.25,2404482
2026-06-02,VF_A06,NYSE ADR,USD,33.03,34.23,32.95,34.07,1072504
2026-06-02,VF_A07,NYSE ADR,USD,29.26,29.42,29.05,29.1,835153
2026-06-02,VF_A08,NYSE,USD,40.11,40.13,39.68,40.07,1451550
2026-06-03,VF_A01,NYSE ADR,USD,53.82,54.23,53.69,53.9,1104471
2026-06-03,VF_A02,NASDAQ,USD,80.12,80.17,79.83,79.83,3328479
2026-06-03,VF_A03,NYSE ADR,USD,30.4,30.54,29.96,29.96,2298581
2026-06-03,VF_A04,NYSE ADR,USD,81.18,83.11,80.74,82.66,1495455
2026-06-03,VF_A05,NYSE,USD,92.07,92.56,91.42,92.41,2090668
2026-06-03,VF_A06,NYSE ADR,USD,33.99,34.24,33.92,33.95,1095456
2026-06-03,VF_A07,NYSE ADR,USD,29.26,29.44,28.78,28.83,955392
2026-06-03,VF_A08,NYSE,USD,40.13,40.3,40.0,40.13,1006177
2026-06-04,VF_A01,NYSE ADR,USD,54.07,54.15,52.71,52.78,3768987
2026-06-04,VF_A02,NASDAQ,USD,79.87,81.43,79.64,81.36,1228510
2026-06-04,VF_A03,NYSE ADR,USD,29.89,30.01,29.73,29.82,941700
2026-06-04,VF_A04,NYSE ADR,USD,83.15,83.18,81.94,82.08,3969367
2026-06-04,VF_A05,NYSE,USD,92.28,92.54,91.07,91.22,2494929
2026-06-04,VF_A06,NYSE ADR,USD,34.01,35.38,33.84,35.2,3370512
2026-06-04,VF_A07,NYSE ADR,USD,28.85,29.38,28.71,29.29,1664106
2026-06-04,VF_A08,NYSE,USD,40.15,40.37,40.13,40.35,2386675
2026-06-05,VF_A01,NYSE ADR,USD,52.72,53.27,52.55,53.26,1429367
2026-06-05,VF_A02,NASDAQ,USD,81.48,83.39,81.25,82.94,912755
2026-06-05,VF_A03,NYSE ADR,USD,29.7,30.92,29.62,30.88,1609538
2026-06-05,VF_A04,NYSE ADR,USD,82.08,83.24,82.05,82.79,3545924
2026-06-05,VF_A05,NYSE,USD,91.23,91.54,88.35,88.53,535514
2026-06-05,VF_A06,NYSE ADR,USD,35.14,35.2,34.75,34.79,1557646
2026-06-05,VF_A07,NYSE ADR,USD,29.35,29.42,28.96,29.04,685387
2026-06-05,VF_A08,NYSE,USD,40.38,40.74,40.14,40.4,2546351
2026-06-08,VF_A01,NYSE ADR,USD,53.16,53.28,52.95,53.15,1369012
2026-06-08,VF_A02,NASDAQ,USD,83.47,84.91,83.36,84.81,1962854
2026-06-08,VF_A03,NYSE ADR,USD,31.06,31.15,30.75,30.97,2017309
2026-06-08,VF_A04,NYSE ADR,USD,82.81,82.87,81.82,82.02,1156620
2026-06-08,VF_A05,NYSE,USD,88.07,91.33,87.63,91.31,770070
2026-06-08,VF_A06,NYSE ADR,USD,34.75,34.94,34.66,34.68,2100417
2026-06-08,VF_A07,NYSE ADR,USD,29.02,29.07,28.6,28.82,2379041
2026-06-08,VF_A08,NYSE,USD,40.3,40.33,40.26,40.28,2691992
2026-06-09,VF_A01,NYSE ADR,USD,52.82,53.11,52.23,52.25,3443965
2026-06-09,VF_A02,NASDAQ,USD,84.64,85.24,83.04,83.36,3463361
2026-06-09,VF_A03,NYSE ADR,USD,30.91,31.05,29.7,29.83,1670413
2026-06-09,VF_A04,NYSE ADR,USD,82.15,82.71,81.86,82.58,1640710
2026-06-09,VF_A05,NYSE,USD,91.34,92.74,90.8,92.47,2202215
2026-06-09,VF_A06,NYSE ADR,USD,34.79,34.91,34.17,34.44,1984136
2026-06-09,VF_A07,NYSE ADR,USD,28.62,28.7,28.31,28.37,2059809
2026-06-09,VF_A08,NYSE,USD,40.16,40.28,40.06,40.25,919063
2026-06-10,VF_A01,NYSE ADR,USD,52.31,52.56,52.21,52.26,4778191
2026-06-10,VF_A02,NASDAQ,USD,83.36,83.64,75.79,75.88,1510335
2026-06-10,VF_A03,NYSE ADR,USD,29.64,30.69,29.58,30.38,1761291
2026-06-10,VF_A04,NYSE ADR,USD,82.82,83.05,82.5,82.58,3623974
2026-06-10,VF_A05,NYSE,USD,92.52,93.04,92.46,92.8,882737
2026-06-10,VF_A06,NYSE ADR,USD,34.46,34.72,33.35,33.37,1754603
2026-06-10,VF_A07,NYSE ADR,USD,28.26,28.33,26.5,26.56,1649436
2026-06-10,VF_A08,NYSE,USD,40.32,41.17,40.21,40.71,1699760
2026-06-11,VF_A01,NYSE ADR,USD,52.07,52.54,51.71,52.2,785068
2026-06-11,VF_A02,NASDAQ,USD,75.98,76.89,75.43,76.78,2042182
2026-06-11,VF_A03,NYSE ADR,USD,30.47,30.5,30.34,30.46,1181288
2026-06-11,VF_A04,NYSE ADR,USD,82.53,82.6,81.8,81.91,1371188
2026-06-11,VF_A05,NYSE,USD,92.6,95.68,91.94,95.14,2027534
2026-06-11,VF_A06,NYSE ADR,USD,33.52,33.69,33.49,33.5,1463763
2026-06-11,VF_A07,NYSE ADR,USD,26.57,26.71,26.04,26.24,1189131
2026-06-11,VF_A08,NYSE,USD,40.79,41.14,40.63,41.0,2037610
2026-06-12,VF_A01,NYSE ADR,USD,52.32,52.39,51.96,51.96,1776107
2026-06-12,VF_A02,NASDAQ,USD,77.04,77.62,76.42,77.35,1010292
2026-06-12,VF_A03,NYSE ADR,USD,30.41,30.45,30.06,30.1,2107448
2026-06-12,VF_A04,NYSE ADR,USD,81.87,84.06,81.82,83.9,1629067
2026-06-12,VF_A05,NYSE,USD,95.45,95.66,95.3,95.6,2204547
2026-06-12,VF_A06,NYSE ADR,USD,33.46,33.67,33.21,33.32,680238
2026-06-12,VF_A07,NYSE ADR,USD,26.14,26.23,24.47,24.62,2168471
2026-06-12,VF_A08,NYSE,USD,40.94,41.59,40.77,41.56,748848
2026-06-15,VF_A01,NYSE ADR,USD,51.85,51.89,51.28,51.33,2259007
2026-06-15,VF_A02,NASDAQ,USD,77.44,80.35,77.21,80.13,2004654
2026-06-15,VF_A03,NYSE ADR,USD,30.18,30.2,29.81,29.84,2242430
2026-06-15,VF_A04,NYSE ADR,USD,84.3,84.5,82.15,82.17,1075189
2026-06-15,VF_A05,NYSE,USD,95.12,97.08,95.06,97.03,1164578
2026-06-15,VF_A06,NYSE ADR,USD,33.3,33.33,32.41,32.55,1153984
2026-06-15,VF_A07,NYSE ADR,USD,24.54,26.17,24.41,26.05,840299
2026-06-15,VF_A08,NYSE,USD,41.69,41.92,41.04,41.5,1817424
2026-06-16,VF_A01,NYSE ADR,USD,51.25,51.33,50.6,50.77,3374308
2026-06-16,VF_A02,NASDAQ,USD,80.33,80.37,80.0,80.04,1748220
2026-06-16,VF_A03,NYSE ADR,USD,29.97,30.12,29.06,29.08,3586528
2026-06-16,VF_A04,NYSE ADR,USD,82.15,82.25,81.36,81.54,1437977
2026-06-16,VF_A05,NYSE,USD,97.35,101.68,97.07,101.21,1248304
2026-06-16,VF_A06,NYSE ADR,USD,32.54,32.63,31.94,32.14,2140387
2026-06-16,VF_A07,NYSE ADR,USD,26.02,26.09,25.82,26.03,1524617
2026-06-16,VF_A08,NYSE,USD,41.63,42.42,41.58,42.37,488917
2026-06-17,VF_A01,NYSE ADR,USD,50.77,51.06,49.74,50.0,2533715
2026-06-17,VF_A02,NASDAQ,USD,80.02,82.63,79.99,82.49,1542131
2026-06-17,VF_A03,NYSE ADR,USD,28.9,29.34,28.82,29.3,2631227
2026-06-17,VF_A04,NYSE ADR,USD,81.59,82.33,81.37,82.31,1038203
2026-06-17,VF_A05,NYSE,USD,101.49,101.58,100.25,100.46,2300513
2026-06-17,VF_A06,NYSE ADR,USD,32.17,33.26,32.14,33.05,942246
2026-06-17,VF_A07,NYSE ADR,USD,26.06,26.34,25.96,26.31,1192994
2026-06-17,VF_A08,NYSE,USD,42.5,42.66,41.94,42.15,2094961
2026-06-18,VF_A01,NYSE ADR,USD,49.91,50.14,48.63,48.87,1956205
2026-06-18,VF_A02,NASDAQ,USD,82.22,82.69,81.93,82.48,1189970
2026-06-18,VF_A03,NYSE ADR,USD,29.33,29.34,27.59,27.86,1618708
2026-06-18,VF_A04,NYSE ADR,USD,82.67,82.9,78.77,79.35,771382
2026-06-18,VF_A05,NYSE,USD,100.61,100.7,98.15,98.8,1796854
2026-06-18,VF_A06,NYSE ADR,USD,33.07,33.2,30.9,31.04,3550611
2026-06-18,VF_A07,NYSE ADR,USD,26.32,26.48,25.82,25.82,537565
2026-06-18,VF_A08,NYSE,USD,42.23,42.26,41.89,42.04,913087
2026-06-19,VF_A01,NYSE ADR,USD,48.96,49.68,48.7,49.46,3320436
2026-06-19,VF_A02,NASDAQ,USD,82.25,83.58,81.91,83.42,1388839
2026-06-19,VF_A03,NYSE ADR,USD,27.78,28.13,27.73,28.12,2216526
2026-06-19,VF_A04,NYSE ADR,USD,79.63,80.12,79.23,79.42,1147316
2026-06-19,VF_A05,NYSE,USD,99.72,99.76,97.28,97.37,1839203
2026-06-19,VF_A06,NYSE ADR,USD,31.06,32.75,31.01,32.7,2839097
2026-06-19,VF_A07,NYSE ADR,USD,25.84,26.07,25.83,26.01,1786759
2026-06-19,VF_A08,NYSE,USD,41.98,42.09,41.43,41.54,2096945
2026-06-22,VF_A01,NYSE ADR,USD,49.2,49.24,48.51,48.63,1607348
2026-06-22,VF_A02,NASDAQ,USD,83.32,83.99,80.81,81.1,1032961
2026-06-22,VF_A03,NYSE ADR,USD,28.15,28.25,26.91,26.93,3555846
2026-06-22,VF_A04,NYSE ADR,USD,79.31,79.58,77.4,77.52,1408197
2026-06-22,VF_A05,NYSE,USD,97.54,97.83,96.93,97.18,2358898
2026-06-22,VF_A06,NYSE ADR,USD,32.82,32.91,32.82,32.9,2040263
2026-06-22,VF_A07,NYSE ADR,USD,25.98,25.99,25.36,25.4,1531352
2026-06-22,VF_A08,NYSE,USD,41.46,41.64,40.61,40.66,2537632
2026-06-23,VF_A01,NYSE ADR,USD,48.59,48.87,48.39,48.81,2863664
2026-06-23,VF_A02,NASDAQ,USD,81.21,84.4,80.46,84.34,643470
2026-06-23,VF_A03,NYSE ADR,USD,26.89,26.9,26.42,26.5,882198
2026-06-23,VF_A04,NYSE ADR,USD,77.5,77.5,74.71,74.88,1514116
2026-06-23,VF_A05,NYSE,USD,96.91,96.91,96.29,96.39,915201
2026-06-23,VF_A06,NYSE ADR,USD,32.88,33.0,32.23,32.38,1301931
2026-06-23,VF_A07,NYSE ADR,USD,25.52,25.59,25.23,25.32,1468088
2026-06-23,VF_A08,NYSE,USD,40.89,40.98,40.35,40.47,1518788
2026-06-24,VF_A01,NYSE ADR,USD,48.79,49.17,48.53,49.06,1105637
2026-06-24,VF_A02,NASDAQ,USD,84.57,85.81,84.38,85.67,1538012
2026-06-24,VF_A03,NYSE ADR,USD,26.48,27.7,26.46,27.54,1733197
2026-06-24,VF_A04,NYSE ADR,USD,75.01,75.15,73.69,73.82,1026647
2026-06-24,VF_A05,NYSE,USD,96.48,96.86,96.29,96.34,1479892
2026-06-24,VF_A06,NYSE ADR,USD,32.45,32.88,32.29,32.85,2037858
2026-06-24,VF_A07,NYSE ADR,USD,25.43,25.48,24.97,25.04,6613480
2026-06-24,VF_A08,NYSE,USD,40.16,41.56,40.08,41.4,1179131
2026-06-25,VF_A01,NYSE ADR,USD,49.3,50.31,49.11,50.05,1012611
2026-06-25,VF_A02,NASDAQ,USD,85.74,86.09,82.98,83.8,2017379
2026-06-25,VF_A03,NYSE ADR,USD,27.43,27.44,27.27,27.31,2599906
2026-06-25,VF_A04,NYSE ADR,USD,73.91,75.81,73.91,75.77,4029495
2026-06-25,VF_A05,NYSE,USD,96.35,96.5,95.58,95.74,1980349
2026-06-25,VF_A06,NYSE ADR,USD,32.92,32.97,32.26,32.42,1461801
2026-06-25,VF_A07,NYSE ADR,USD,25.02,25.05,24.83,24.92,2326881
2026-06-25,VF_A08,NYSE,USD,41.28,41.32,41.02,41.05,1617160
2026-06-26,VF_A01,NYSE ADR,USD,49.75,50.2,49.53,49.89,951157
2026-06-26,VF_A02,NASDAQ,USD,83.82,83.85,81.31,81.6,1955615
2026-06-26,VF_A03,NYSE ADR,USD,27.33,27.37,27.08,27.14,956353
2026-06-26,VF_A04,NYSE ADR,USD,76.0,76.59,74.38,74.81,2699873
2026-06-26,VF_A05,NYSE,USD,95.92,96.22,93.57,93.8,1154131
2026-06-26,VF_A06,NYSE ADR,USD,32.27,32.3,32.11,32.18,1360321
2026-06-26,VF_A07,NYSE ADR,USD,24.82,24.86,24.49,24.53,796304
2026-06-26,VF_A08,NYSE,USD,41.07,42.06,40.95,41.79,1069321
2026-06-29,VF_A01,NYSE ADR,USD,49.88,49.89,49.52,49.57,1201327
2026-06-29,VF_A02,NASDAQ,USD,81.87,84.65,81.7,84.41,787895
2026-06-29,VF_A03,NYSE ADR,USD,27.18,28.52,26.97,28.5,1338015
2026-06-29,VF_A04,NYSE ADR,USD,74.74,77.03,74.73,76.71,1365082
2026-06-29,VF_A05,NYSE,USD,94.22,94.97,94.18,94.91,687302
2026-06-29,VF_A06,NYSE ADR,USD,32.27,32.58,32.27,32.52,2841732
2026-06-29,VF_A07,NYSE ADR,USD,24.48,25.02,24.34,24.95,3704308
2026-06-29,VF_A08,NYSE,USD,41.88,42.66,41.77,42.45,4138696
2026-06-30,VF_A01,NYSE ADR,USD,49.35,49.7,48.29,48.42,1176292
2026-06-30,VF_A02,NASDAQ,USD,84.66,86.54,84.54,86.36,2357357
2026-06-30,VF_A03,NYSE ADR,USD,28.56,28.77,27.7,27.86,1730782
2026-06-30,VF_A04,NYSE ADR,USD,76.73,76.82,74.38,74.39,2481544
2026-06-30,VF_A05,NYSE,USD,94.9,95.46,94.72,95.23,2249883
2026-06-30,VF_A06,NYSE ADR,USD,32.52,32.56,31.43,31.58,2599333
2026-06-30,VF_A07,NYSE ADR,USD,25.06,25.1,25.03,25.07,2441110
2026-06-30,VF_A08,NYSE,USD,42.23,42.36,41.66,41.79,1252373
2026-07-01,VF_A01,NYSE ADR,USD,48.35,48.95,48.14,48.88,2401518
2026-07-01,VF_A02,NASDAQ,USD,86.37,89.04,86.22,88.64,2427603
2026-07-01,VF_A03,NYSE ADR,USD,27.87,27.93,27.22,27.25,1338982
2026-07-01,VF_A04,NYSE ADR,USD,74.13,75.61,73.86,75.38,1493404
2026-07-01,VF_A05,NYSE,USD,95.28,95.67,94.75,95.19,4073248
2026-07-01,VF_A06,NYSE ADR,USD,31.52,31.76,31.48,31.63,923313
2026-07-01,VF_A07,NYSE ADR,USD,25.15,25.33,24.19,24.28,N/A
2026-07-01,VF_A08,NYSE,USD,41.79,41.86,41.05,41.49,1459921
2026-07-02,VF_A01,NYSE ADR,USD,49.02,49.94,48.72,49.74,2147862
2026-07-02,VF_A02,NASDAQ,USD,88.67,89.91,88.06,89.51,903796
2026-07-02,VF_A03,NYSE ADR,USD,27.23,27.28,26.17,26.18,2772566
2026-07-02,VF_A04,NYSE ADR,USD,75.58,76.44,74.82,74.93,1511711
2026-07-02,VF_A05,NYSE,USD,95.47,96.04,94.4,94.97,1262061
2026-07-02,VF_A06,NYSE ADR,USD,31.64,32.54,31.48,32.42,1721026
2026-07-02,VF_A07,NYSE ADR,USD,24.36,24.42,24.13,24.27,2163770
2026-07-02,VF_A08,NYSE,USD,41.6,41.67,40.83,41.15,3138720
2026-07-03,VF_A01,NYSE ADR,USD,49.74,50.13,49.24,49.34,4593324
2026-07-03,VF_A02,NASDAQ,USD,89.76,89.96,89.21,89.59,1614618
2026-07-03,VF_A03,NYSE ADR,USD,26.1,27.55,25.91,27.49,1688806
2026-07-03,VF_A04,NYSE ADR,USD,74.95,75.27,73.03,73.4,3692228
2026-07-03,VF_A05,NYSE,USD,94.59,94.79,93.3,93.59,981774
2026-07-03,VF_A06,NYSE ADR,USD,32.5,32.54,31.55,31.89,2866182
2026-07-03,VF_A07,NYSE ADR,USD,24.28,24.58,24.23,24.55,1287898
2026-07-03,VF_A08,NYSE,USD,41.07,41.85,41.03,41.48,3610782
2026-07-06,VF_A01,NYSE ADR,USD,49.43,49.46,48.52,48.86,1563028
2026-07-06,VF_A02,NASDAQ,USD,89.87,91.84,89.75,91.46,1389399
2026-07-06,VF_A03,NYSE ADR,USD,27.45,28.58,27.39,28.54,1695643
2026-07-06,VF_A04,NYSE ADR,USD,73.44,73.61,73.03,73.12,1511637
2026-07-06,VF_A05,NYSE,USD,93.26,94.23,93.25,93.83,1692716
2026-07-06,VF_A06,NYSE ADR,USD,31.96,33.0,31.77,32.84,1362282
2026-07-06,VF_A07,NYSE ADR,USD,24.63,25.06,24.5,25.03,1035823
2026-07-06,VF_A08,NYSE,USD,41.57,41.82,41.5,41.71,833547
2026-07-07,VF_A01,NYSE ADR,USD,48.83,49.33,48.71,49.19,1168147
2026-07-07,VF_A02,NASDAQ,USD,91.66,95.22,91.09,94.97,1398277
2026-07-07,VF_A03,NYSE ADR,USD,28.48,28.55,28.23,28.39,1903115
2026-07-07,VF_A04,NYSE ADR,USD,73.36,74.34,72.61,73.5,1930661
2026-07-07,VF_A05,NYSE,USD,93.76,96.32,93.39,96.14,783336
2026-07-07,VF_A06,NYSE ADR,USD,32.94,33.58,32.85,33.46,5387897
2026-07-07,VF_A07,NYSE ADR,USD,24.98,25.02,24.69,24.78,2756605
2026-07-07,VF_A08,NYSE,USD,41.71,41.73,41.63,41.7,1301416
2026-07-08,VF_A01,NYSE ADR,USD,49.25,49.4,49.07,49.09,2256665
2026-07-08,VF_A02,NASDAQ,USD,94.79,97.52,94.26,97.47,2132289
2026-07-08,VF_A03,NYSE ADR,USD,28.64,28.71,28.43,28.57,5527295
2026-07-08,VF_A04,NYSE ADR,USD,73.62,74.71,73.46,74.65,1642013
2026-07-08,VF_A05,NYSE,USD,95.81,95.87,93.33,93.71,1838762
2026-07-08,VF_A06,NYSE ADR,USD,33.7,33.8,32.98,33.21,1531864
2026-07-08,VF_A07,NYSE ADR,USD,24.85,25.29,24.73,25.11,1718113
2026-07-08,VF_A08,NYSE,USD,41.94,42.04,41.36,41.43,4314609
2026-07-09,VF_A01,NYSE ADR,USD,49.19,49.3,49.12,49.19,2360867
2026-07-09,VF_A02,NASDAQ,USD,97.57,101.06,97.07,100.22,1927816
2026-07-09,VF_A03,NYSE ADR,USD,28.49,28.49,28.1,28.19,2409231
2026-07-09,VF_A04,NYSE ADR,USD,74.81,76.11,74.51,75.88,2039604
2026-07-09,VF_A05,NYSE,USD,94.04,94.48,93.39,94.44,1503355
2026-07-09,VF_A06,NYSE ADR,USD,33.33,33.49,32.97,33.04,1993647
2026-07-09,VF_A07,NYSE ADR,USD,25.19,25.29,24.59,24.66,2669852
2026-07-09,VF_A08,NYSE,USD,41.42,41.58,40.53,40.83,628665
2026-07-10,VF_A01,NYSE ADR,USD,49.19,49.61,49.04,49.58,1342848
2026-07-10,VF_A02,NASDAQ,USD,99.94,100.14,96.39,96.51,1022779
2026-07-10,VF_A03,NYSE ADR,USD,28.21,28.45,26.72,26.78,1205637
2026-07-10,VF_A04,NYSE ADR,USD,75.65,78.46,75.2,78.2,2373842
2026-07-10,VF_A05,NYSE,USD,94.63,94.76,93.6,93.61,2007267
2026-07-10,VF_A06,NYSE ADR,USD,32.95,33.38,32.72,33.27,3540264
2026-07-10,VF_A07,NYSE ADR,USD,24.61,24.66,23.93,24.04,1532719
2026-07-10,VF_A08,NYSE,USD,41.04,41.24,41.0,41.11,2013817
2026-07-13,VF_A01,NYSE ADR,USD,49.6,49.65,49.03,49.04,835952
2026-07-13,VF_A02,NASDAQ,USD,96.14,96.16,91.1,91.1,2112783
2026-07-13,VF_A03,NYSE ADR,USD,26.8,26.98,26.07,26.07,1411593
2026-07-13,VF_A04,NYSE ADR,USD,78.05,79.54,77.5,79.11,1002938
2026-07-13,VF_A05,NYSE,USD,93.62,93.83,93.34,93.47,1737690
2026-07-13,VF_A06,NYSE ADR,USD,33.42,33.57,33.28,33.38,1834281
2026-07-13,VF_A07,NYSE ADR,USD,24.14,24.21,24.14,24.14,1937541
2026-07-13,VF_A08,NYSE,USD,41.21,41.26,40.8,41.05,2037608
2026-07-14,VF_A01,NYSE ADR,USD,48.88,49.24,48.8,49.18,3074553
2026-07-14,VF_A02,NASDAQ,USD,90.79,91.24,90.72,91.07,968603
2026-07-14,VF_A03,NYSE ADR,USD,26.15,26.44,26.15,26.43,1438694
2026-07-14,VF_A04,NYSE ADR,USD,78.8,80.5,78.32,80.46,1022647
2026-07-14,VF_A05,NYSE,USD,93.25,94.41,92.45,94.13,2608348
2026-07-14,VF_A06,NYSE ADR,USD,33.24,34.32,33.05,34.19,1737186
2026-07-14,VF_A07,NYSE ADR,USD,24.06,24.95,23.9,24.84,3137209
2026-07-14,VF_A08,NYSE,USD,41.12,41.21,40.79,40.87,1623371
2026-07-15,VF_A01,NYSE ADR,USD,49.39,49.63,47.46,47.49,1477337
2026-07-15,VF_A02,NASDAQ,USD,90.68,91.15,90.55,90.95,585736
2026-07-15,VF_A03,NYSE ADR,USD,26.34,26.66,26.29,26.65,1994986
2026-07-15,VF_A04,NYSE ADR,USD,80.56,80.74,79.7,80.34,2193758
2026-07-15,VF_A05,NYSE,USD,94.1,95.08,93.56,94.9,1641783
2026-07-15,VF_A06,NYSE ADR,USD,34.19,34.46,33.76,33.86,862167
2026-07-15,VF_A07,NYSE ADR,USD,24.79,24.92,24.68,24.71,2563377
2026-07-15,VF_A08,NYSE,USD,40.63,41.16,40.39,41.15,1420695
2026-07-16,VF_A01,NYSE ADR,USD,47.53,47.57,47.28,47.35,3682527
2026-07-16,VF_A02,NASDAQ,USD,91.36,91.64,88.4,88.44,546536
2026-07-16,VF_A03,NYSE ADR,USD,26.61,26.64,26.18,26.36,3116154
2026-07-16,VF_A04,NYSE ADR,USD,80.2,81.37,80.1,81.22,2811590
2026-07-16,VF_A05,NYSE,USD,94.88,95.6,93.23,93.85,1180225
2026-07-16,VF_A06,NYSE ADR,USD,33.91,34.34,33.78,34.33,1978654
2026-07-16,VF_A07,NYSE ADR,USD,24.72,24.85,24.57,24.58,1511460
2026-07-16,VF_A08,NYSE,USD,41.18,41.43,41.04,41.17,869241
2026-07-17,VF_A01,NYSE ADR,USD,47.29,47.49,47.08,47.14,2908431
2026-07-17,VF_A02,NASDAQ,USD,88.72,88.88,86.15,86.4,1446825
2026-07-17,VF_A03,NYSE ADR,USD,26.35,26.5,26.31,26.46,642687
2026-07-17,VF_A04,NYSE ADR,USD,81.15,83.21,81.11,83.19,2041883
2026-07-17,VF_A05,NYSE,USD,93.9,94.37,93.86,94.13,1714421
2026-07-17,VF_A06,NYSE ADR,USD,34.36,34.47,33.77,33.95,660659
2026-07-17,VF_A07,NYSE ADR,USD,24.44,24.51,24.18,24.25,1854643
2026-07-17,VF_A08,NYSE,USD,41.16,41.18,40.83,40.99,1781356
2026-07-20,VF_A01,NYSE ADR,USD,47.33,47.45,46.36,46.58,813409
2026-07-20,VF_A02,NASDAQ,USD,86.08,86.84,81.8,82.24,3069409
2026-07-20,VF_A03,NYSE ADR,USD,26.4,26.69,25.92,26.16,1099420
2026-07-20,VF_A04,NYSE ADR,USD,83.26,83.67,81.65,81.98,1724583
2026-07-20,VF_A05,NYSE,USD,94.11,94.51,92.41,92.9,1445472
2026-07-20,VF_A06,NYSE ADR,USD,33.91,33.96,32.99,33.06,1669339
2026-07-20,VF_A07,NYSE ADR,USD,24.16,24.62,24.11,24.51,719247
2026-07-20,VF_A08,NYSE,USD,40.6,40.69,39.96,40.07,1245031
2026-07-21,VF_A01,NYSE ADR,USD,46.63,46.93,46.55,46.92,1749577
2026-07-21,VF_A02,NASDAQ,USD,82.16,82.91,80.72,80.74,1541637
2026-07-21,VF_A03,NYSE ADR,USD,26.1,26.44,26.09,26.41,803252
2026-07-21,VF_A04,NYSE ADR,USD,81.88,81.91,81.67,81.84,1102875
2026-07-21,VF_A05,NYSE,USD,92.89,93.29,91.63,91.8,911690
2026-07-21,VF_A06,NYSE ADR,USD,33.07,33.49,33.0,33.47,826762
2026-07-21,VF_A07,NYSE ADR,USD,24.61,24.63,24.42,24.52,1561632
2026-07-21,VF_A08,NYSE,USD,40.07,40.58,40.06,40.35,2668532
2026-07-22,VF_A01,NYSE ADR,USD,46.79,47.14,45.96,46.21,2173027
2026-07-22,VF_A02,NASDAQ,USD,80.78,81.32,80.53,80.94,1398875
2026-07-22,VF_A03,NYSE ADR,USD,26.49,26.54,25.83,25.86,619736
2026-07-22,VF_A04,NYSE ADR,USD,81.86,82.43,78.97,79.23,1741264
2026-07-22,VF_A05,NYSE,USD,91.73,92.16,89.41,90.29,830455
2026-07-22,VF_A06,NYSE ADR,USD,33.5,33.61,32.85,32.94,908563
2026-07-22,VF_A07,NYSE ADR,USD,24.48,24.59,23.59,23.62,803561
2026-07-22,VF_A08,NYSE,USD,40.29,40.42,39.46,39.49,1720985
2026-07-23,VF_A01,NYSE ADR,USD,46.3,46.32,45.51,45.78,2680490
2026-07-23,VF_A02,NASDAQ,USD,80.89,81.28,78.79,79.11,446139
2026-07-23,VF_A03,NYSE ADR,USD,25.89,26.07,25.38,25.47,1592266
2026-07-23,VF_A04,NYSE ADR,USD,79.06,79.23,77.75,78.1,2153914
2026-07-23,VF_A05,NYSE,USD,89.97,90.48,88.57,89.02,833326
2026-07-23,VF_A06,NYSE ADR,USD,32.99,33.95,32.93,33.77,774285
2026-07-23,VF_A07,NYSE ADR,USD,23.65,23.7,23.57,23.62,1358645
2026-07-23,VF_A08,NYSE,USD,39.49,39.67,39.02,39.43,744317
2026-07-24,VF_A01,NYSE ADR,USD,45.79,46.35,45.73,45.92,2162474
2026-07-24,VF_A02,NASDAQ,USD,79.29,79.49,79.03,79.4,2337693
2026-07-24,VF_A03,NYSE ADR,USD,25.56,25.73,25.52,25.7,1516550
2026-07-24,VF_A04,NYSE ADR,USD,78.15,78.91,77.73,78.6,900707
2026-07-24,VF_A05,NYSE,USD,89.24,89.88,89.11,89.8,1127787
2026-07-24,VF_A06,NYSE ADR,USD,33.77,34.65,33.69,34.64,1184379
2026-07-24,VF_A07,NYSE ADR,USD,23.6,23.78,22.98,23.02,2074257
2026-07-24,VF_A08,NYSE,USD,39.28,39.3,38.74,38.84,1320997
2026-07-27,VF_A01,NYSE ADR,USD,46.01,46.21,45.34,45.61,1014269
2026-07-27,VF_A02,NASDAQ,USD,79.13,79.33,77.75,77.98,1471907
2026-07-27,VF_A03,NYSE ADR,USD,25.78,26.36,25.75,26.13,2176090
2026-07-27,VF_A04,NYSE ADR,USD,78.29,78.68,78.03,78.65,1865051
2026-07-27,VF_A05,NYSE,USD,90.26,90.47,87.85,88.44,1480865
2026-07-27,VF_A06,NYSE ADR,USD,34.82,34.93,34.73,34.88,2455597
2026-07-27,VF_A07,NYSE ADR,USD,23.04,23.7,23.04,23.67,1812024
2026-07-27,VF_A08,NYSE,USD,38.98,39.03,38.21,38.44,1905411
2026-07-28,VF_A01,NYSE ADR,USD,45.68,46.19,45.64,46.1,1233721
2026-07-28,VF_A02,NASDAQ,USD,78.06,78.22,77.61,77.91,3204288
2026-07-28,VF_A03,NYSE ADR,USD,26.09,26.11,25.92,25.97,1718864
2026-07-28,VF_A04,NYSE ADR,USD,78.41,79.05,78.09,78.92,2893663
2026-07-28,VF_A05,NYSE,USD,88.59,89.7,88.47,89.67,535788
2026-07-28,VF_A06,NYSE ADR,USD,34.67,35.29,34.49,35.22,1134993
2026-07-28,VF_A07,NYSE ADR,USD,23.71,23.8,23.18,23.2,988930
2026-07-28,VF_A08,NYSE,USD,38.53,39.08,38.19,38.93,2057615
2026-07-29,VF_A01,NYSE ADR,USD,45.89,46.22,45.87,46.21,1122323
2026-07-29,VF_A02,NASDAQ,USD,77.59,78.29,77.48,77.65,702772
2026-07-29,VF_A03,NYSE ADR,USD,25.96,25.99,25.45,25.47,2134560
2026-07-29,VF_A04,NYSE ADR,USD,78.79,78.83,76.92,77.3,2221251
2026-07-29,VF_A05,NYSE,USD,90.04,90.13,89.51,89.87,1073456
2026-07-29,VF_A06,NYSE ADR,USD,35.24,35.7,35.19,35.64,1671873
2026-07-29,VF_A07,NYSE ADR,USD,23.17,23.34,22.67,22.71,1888521
2026-07-29,VF_A08,NYSE,USD,38.92,39.73,38.79,39.45,1692159
2026-07-30,VF_A01,NYSE ADR,USD,46.42,46.47,46.15,46.27,4483426
2026-07-30,VF_A02,NASDAQ,USD,77.3,77.94,75.61,75.87,1970663
2026-07-30,VF_A03,NYSE ADR,USD,25.42,25.44,24.55,24.64,800890
2026-07-30,VF_A04,NYSE ADR,USD,77.28,77.48,77.09,77.35,1346432
2026-07-30,VF_A05,NYSE,USD,89.46,90.11,89.26,89.78,1352794
2026-07-30,VF_A06,NYSE ADR,USD,35.52,35.7,34.18,34.47,1022532
2026-07-30,VF_A07,NYSE ADR,USD,22.69,23.25,22.6,23.17,1624987
2026-07-30,VF_A08,NYSE,USD,39.39,39.79,39.25,39.42,2335204
2026-07-31,VF_A01,NYSE ADR,USD,46.18,46.46,46.08,46.09,1102975
2026-07-31,VF_A02,NASDAQ,USD,75.72,77.47,75.5,76.79,874211
2026-07-31,VF_A03,NYSE ADR,USD,24.57,25.14,24.56,25.01,1043899
2026-07-31,VF_A04,NYSE ADR,USD,77.3,77.91,77.03,77.76,1605678
2026-07-31,VF_A05,NYSE,USD,89.36,91.67,89.36,91.24,1626133
2026-07-31,VF_A06,NYSE ADR,USD,34.65,34.76,34.42,34.72,1842718
2026-07-31,VF_A07,NYSE ADR,USD,23.13,23.44,22.96,23.34,1566908
2026-07-31,VF_A08,NYSE,USD,39.36,39.57,39.28,39.37,2925592
2026-08-03,VF_A01,NYSE ADR,USD,46.26,46.82,46.18,46.7,1247653
2026-08-03,VF_A02,NASDAQ,USD,76.56,76.93,74.83,74.9,1488403
2026-08-03,VF_A03,NYSE ADR,USD,25.04,25.12,24.67,24.77,1724818
2026-08-03,VF_A04,NYSE ADR,USD,77.47,78.77,77.16,78.68,2138568
2026-08-03,VF_A05,NYSE,USD,91.37,92.47,91.06,92.39,1107766
2026-08-03,VF_A06,NYSE ADR,USD,34.62,34.98,34.35,34.8,1894798
2026-08-03,VF_A07,NYSE ADR,USD,23.37,23.91,23.26,23.79,1039311
2026-08-03,VF_A08,NYSE,USD,39.38,39.98,39.36,39.82,2012427
2026-08-04,VF_A01,NYSE ADR,USD,46.54,46.75,45.97,46.12,4299906
2026-08-04,VF_A02,NASDAQ,USD,74.75,74.99,71.32,71.39,874577
2026-08-04,VF_A03,NYSE ADR,USD,24.75,24.77,24.64,24.7,1276806
2026-08-04,VF_A04,NYSE ADR,USD,78.91,79.06,76.61,76.85,1035214
2026-08-04,VF_A05,NYSE,USD,92.68,92.79,90.32,90.53,5538209
2026-08-04,VF_A06,NYSE ADR,USD,34.72,34.97,33.7,33.81,1420158
2026-08-04,VF_A07,NYSE ADR,USD,23.81,23.9,23.58,23.67,2764251
2026-08-04,VF_A08,NYSE,USD,39.71,40.15,39.46,40.0,1912285
2026-08-05,VF_A01,NYSE ADR,USD,46.09,46.18,45.72,45.73,1228291
2026-08-05,VF_A02,NASDAQ,USD,71.44,71.48,70.5,70.88,1270428
2026-08-05,VF_A03,NYSE ADR,USD,24.78,24.78,23.85,23.89,2048334
2026-08-05,VF_A04,NYSE ADR,USD,76.82,77.0,73.46,73.49,2395367
2026-08-05,VF_A05,NYSE,USD,90.37,90.8,89.19,89.63,1718739
2026-08-05,VF_A06,NYSE ADR,USD,33.69,33.7,32.83,32.95,2448499
2026-08-05,VF_A07,NYSE ADR,USD,23.86,23.93,23.2,23.3,2357425
2026-08-05,VF_A08,NYSE,USD,40.05,40.1,39.52,39.6,1092589
2026-08-06,VF_A01,NYSE ADR,USD,45.72,45.73,44.94,45.16,1587032
2026-08-06,VF_A02,NASDAQ,USD,70.47,73.4,70.38,73.28,2163597
2026-08-06,VF_A03,NYSE ADR,USD,23.9,25.91,23.86,25.7,2655595
2026-08-06,VF_A04,NYSE ADR,USD,73.35,76.28,73.11,76.02,903466
2026-08-06,VF_A05,NYSE,USD,89.4,90.09,88.93,89.91,1485317
2026-08-06,VF_A06,NYSE ADR,USD,32.91,33.67,32.73,33.51,3883614
2026-08-06,VF_A07,NYSE ADR,USD,23.34,23.39,23.13,23.25,1399244
2026-08-06,VF_A08,NYSE,USD,39.74,39.98,39.62,39.87,1941754
2026-08-07,VF_A01,NYSE ADR,USD,45.16,45.27,44.73,44.98,3285645
2026-08-07,VF_A02,NASDAQ,USD,73.25,73.61,73.14,73.57,1530242
2026-08-07,VF_A03,NYSE ADR,USD,25.74,26.42,25.65,26.38,3678717
2026-08-07,VF_A04,NYSE ADR,USD,76.4,77.15,76.34,77.07,1655079
2026-08-07,VF_A05,NYSE,USD,89.62,92.79,89.5,92.77,1458634
2026-08-07,VF_A06,NYSE ADR,USD,33.46,34.56,33.36,34.41,1675269
2026-08-07,VF_A07,NYSE ADR,USD,23.16,23.24,23.02,23.23,930293
2026-08-07,VF_A08,NYSE,USD,39.77,40.43,39.63,40.32,1440531
2026-08-10,VF_A01,NYSE ADR,USD,44.83,45.6,44.79,45.57,1561786
2026-08-10,VF_A02,NASDAQ,USD,73.65,73.81,70.53,70.87,1714655
2026-08-10,VF_A03,NYSE ADR,USD,26.37,26.7,26.29,26.66,3674165
2026-08-10,VF_A04,NYSE ADR,USD,76.73,78.15,75.91,77.72,1397865
2026-08-10,VF_A05,NYSE,USD,92.54,92.64,91.92,92.15,1882415
2026-08-10,VF_A06,NYSE ADR,USD,34.32,35.24,34.32,35.2,1125966
2026-08-10,VF_A07,NYSE ADR,USD,23.32,23.32,22.72,22.78,1867721
2026-08-10,VF_A08,NYSE,USD,40.57,41.32,40.43,40.93,1062918
2026-08-11,VF_A01,NYSE ADR,USD,45.84,46.06,45.16,45.25,1846865
2026-08-11,VF_A02,NASDAQ,USD,70.77,71.13,69.9,69.97,1736344
2026-08-11,VF_A03,NYSE ADR,USD,26.75,26.84,26.62,26.72,1471759
2026-08-11,VF_A04,NYSE ADR,USD,77.44,77.51,76.96,76.99,1515539
2026-08-11,VF_A05,NYSE,USD,91.93,92.24,91.47,91.69,1074904
2026-08-11,VF_A06,NYSE ADR,USD,35.13,35.34,35.07,35.12,2165894
2026-08-11,VF_A07,NYSE ADR,USD,22.89,22.92,22.02,22.05,1362024
2026-08-11,VF_A08,NYSE,USD,40.83,41.81,40.8,41.69,1239308
2026-08-12,VF_A01,NYSE ADR,USD,45.18,45.92,44.96,45.77,1589929
2026-08-12,VF_A02,NASDAQ,USD,70.31,70.36,69.44,69.54,940125
2026-08-12,VF_A03,NYSE ADR,USD,26.72,27.64,26.66,27.49,1480905
2026-08-12,VF_A04,NYSE ADR,USD,77.47,77.62,75.71,75.95,1355594
2026-08-12,VF_A05,NYSE,USD,91.83,93.33,91.53,92.7,1478439
2026-08-12,VF_A06,NYSE ADR,USD,35.29,35.4,34.37,34.62,1418895
2026-08-12,VF_A07,NYSE ADR,USD,22.14,22.25,22.01,22.01,1152839
2026-08-12,VF_A08,NYSE,USD,41.73,41.76,40.89,41.04,1741016
2026-08-13,VF_A01,NYSE ADR,USD,45.81,46.8,45.72,46.6,1117066
2026-08-13,VF_A02,NASDAQ,USD,69.95,70.89,69.94,70.72,1380281
2026-08-13,VF_A03,NYSE ADR,USD,27.42,27.59,26.47,26.49,745068
2026-08-13,VF_A04,NYSE ADR,USD,75.63,76.93,75.61,76.7,1685916
2026-08-13,VF_A05,NYSE,USD,92.92,93.89,92.5,93.15,2640908
2026-08-13,VF_A06,NYSE ADR,USD,34.63,34.85,34.15,34.29,625015
2026-08-13,VF_A07,NYSE ADR,USD,22.05,22.13,21.98,22.08,1611152
2026-08-13,VF_A08,NYSE,USD,40.91,41.06,40.52,40.61,1400247
2026-08-14,VF_A01,NYSE ADR,USD,46.31,46.93,46.24,46.76,1575759
2026-08-14,VF_A02,NASDAQ,USD,70.69,73.81,70.51,73.76,1804793
2026-08-14,VF_A03,NYSE ADR,USD,26.39,26.72,26.37,26.68,837224
2026-08-14,VF_A04,NYSE ADR,USD,76.51,77.13,75.67,77.09,3962236
2026-08-14,VF_A05,NYSE,USD,93.08,95.8,93.06,95.73,1120794
2026-08-14,VF_A06,NYSE ADR,USD,34.36,34.53,33.34,33.4,1357502
2026-08-14,VF_A07,NYSE ADR,USD,22.1,22.42,22.02,22.34,2094392
2026-08-14,VF_A08,NYSE,USD,40.73,40.81,40.29,40.37,951794
2025-08-21,VF_A01,NYSE ADR,USD,54.25,55.86,54.06,55.45,1708023
2025-10-10,VF_A08,NYSE,USD,40.44,40.95,39.98,40.02,3641777
2026-01-05,VF_A01,NYSE ADR,USD,52.17,52.48,52.16,52.46,2984177
2026-03-05,VF_A03,NYSE ADR,USD,28.01,28.09,27.16,27.18,761886
2026-04-21,VF_A06,NYSE ADR,USD,35.38,35.94,35.25,35.92,2989124
2026-06-09,VF_A02,NASDAQ,USD,84.64,85.24,83.04,83.36,3463361
2026-07-21,VF_A05,NYSE,USD,92.89,93.29,91.63,91.8,911690
